latitude,longitude,brightness,scan,track,acq_date,acq_time,satellite,instrument,confidence,version,bright_t31,frp,daynight
-22.5137,145.93857,319.79,1.66,1.27,2022-01-22,47,Terra,MODIS,47,6.1NRT,296.58,10.4,D
-37.67421,140.42392,323.55,1.23,1.1,2022-01-22,49,Terra,MODIS,46,6.1NRT,305.33,14.08,D
-42.84178,147.28464,311,3.45,1.75,2022-01-22,52,Terra,MODIS,0,6.1NRT,300.31,41.52,D
28.91674,19.77318,307.97,2.53,1.53,2022-01-22,106,Aqua,MODIS,73,6.1NRT,275.94,52.81,N
26.58358,12.21293,312.31,1.03,1.02,2022-01-22,109,Aqua,MODIS,85,6.1NRT,277.26,17.26,N
28.07942,9.79012,300.23,1.05,1.02,2022-01-22,109,Aqua,MODIS,22,6.1NRT,272.51,10.02,N
28.11954,0.30002,300.31,4.14,1.88,2022-01-22,109,Aqua,MODIS,24,6.1NRT,277.25,64.89,N
14.6415,-0.9552,306.55,3.49,1.76,2022-01-22,111,Aqua,MODIS,68,6.1NRT,285.64,60.49,N
13.21413,5.99933,305.98,1.09,1.04,2022-01-22,111,Aqua,MODIS,66,6.1NRT,286.08,10.04,N
13.19969,5.96671,303.55,1.1,1.04,2022-01-22,111,Aqua,MODIS,50,6.1NRT,286.11,8.31,N
13.19829,5.97669,333.23,1.09,1.04,2022-01-22,111,Aqua,MODIS,100,6.1NRT,288.05,39.75,N
14.64612,-0.95952,304.83,3.49,1.76,2022-01-22,111,Aqua,MODIS,62,6.1NRT,285.42,54.42,N
6.11647,5.37013,301.36,1.02,1.01,2022-01-22,113,Aqua,MODIS,40,6.1NRT,290.39,5.34,N
5.68534,6.36428,310.23,1,1,2022-01-22,113,Aqua,MODIS,79,6.1NRT,290.94,10.55,N
5.66284,6.51632,302.92,1,1,2022-01-22,113,Aqua,MODIS,52,6.1NRT,291.25,5.6,N
6.52539,-0.31232,300.54,2.34,1.48,2022-01-22,113,Aqua,MODIS,29,6.1NRT,289.27,16.75,N
5.46136,6.69452,308.63,1.01,1,2022-01-22,113,Aqua,MODIS,75,6.1NRT,291.92,8.85,N
5.71307,4.47886,307.63,1.09,1.04,2022-01-22,113,Aqua,MODIS,55,6.1NRT,296.46,5.54,N
5.71166,4.48855,310.31,1.08,1.04,2022-01-22,113,Aqua,MODIS,70,6.1NRT,296.59,7.63,N
5.39208,6.66032,307.56,1.01,1,2022-01-22,113,Aqua,MODIS,72,6.1NRT,292.07,8.12,N
6.50555,9.76115,301.73,1.32,1.14,2022-01-22,113,Aqua,MODIS,44,6.1NRT,290.1,7.77,N
6.50392,9.7719,307.23,1.32,1.14,2022-01-22,113,Aqua,MODIS,71,6.1NRT,290.64,12.77,N
7.07581,5.10511,305.5,1.06,1.03,2022-01-22,113,Aqua,MODIS,65,6.1NRT,292.42,6.6,N
6.92477,5.07085,303.45,1.06,1.03,2022-01-22,113,Aqua,MODIS,55,6.1NRT,291.8,5.96,N
7.51037,0.42098,302.22,2.12,1.42,2022-01-22,113,Aqua,MODIS,48,6.1NRT,290.26,17.97,N
5.90052,5.58706,306.16,1.01,1.01,2022-01-22,113,Aqua,MODIS,67,6.1NRT,290.81,7.36,N
11.3167,5.82717,308.31,1.07,1.03,2022-01-22,113,Aqua,MODIS,74,6.1NRT,287.71,11.54,N
11.35504,3.87712,300.59,1.35,1.15,2022-01-22,113,Aqua,MODIS,30,6.1NRT,289.69,7.8,N
11.1312,4.84055,300.97,1.18,1.08,2022-01-22,113,Aqua,MODIS,36,6.1NRT,290.76,5.65,N
10.72634,6.9157,317.02,1,1,2022-01-22,113,Aqua,MODIS,94,6.1NRT,289.74,16.55,N
10.82754,5.38861,304.7,1.1,1.05,2022-01-22,113,Aqua,MODIS,61,6.1NRT,291.15,8.24,N
10.82611,5.39859,304.74,1.1,1.05,2022-01-22,113,Aqua,MODIS,61,6.1NRT,291.45,8.26,N
10.42624,6.2517,304.93,1.03,1.01,2022-01-22,113,Aqua,MODIS,62,6.1NRT,290.92,7.25,N
10.26301,6.42851,308.46,1.02,1.01,2022-01-22,113,Aqua,MODIS,75,6.1NRT,291.32,9.15,N
9.97724,7.86186,303.47,1.01,1.01,2022-01-22,113,Aqua,MODIS,55,6.1NRT,288.32,7.11,N
10.19459,5.6895,303.37,1.06,1.03,2022-01-22,113,Aqua,MODIS,55,6.1NRT,290.53,6.44,N
10.10244,5.81636,308.22,1.05,1.02,2022-01-22,113,Aqua,MODIS,74,6.1NRT,289.34,9.69,N
10.09192,5.8245,304.84,1.05,1.02,2022-01-22,113,Aqua,MODIS,62,6.1NRT,288.8,7.17,N
8.49777,10.10578,310.79,1.3,1.13,2022-01-22,113,Aqua,MODIS,81,6.1NRT,290.63,15.46,N
9.12165,5.4712,304.07,1.06,1.03,2022-01-22,113,Aqua,MODIS,58,6.1NRT,292.93,5.97,N
9.12028,5.48076,324.54,1.06,1.03,2022-01-22,113,Aqua,MODIS,100,6.1NRT,294.19,24.13,N
9.75231,0.42037,300.58,2.3,1.47,2022-01-22,113,Aqua,MODIS,30,6.1NRT,287.77,18.03,N
8.39801,9.95961,304.23,1.28,1.12,2022-01-22,113,Aqua,MODIS,25,6.1NRT,290.21,8.4,N
8.39149,9.93519,301.12,1.27,1.12,2022-01-22,113,Aqua,MODIS,12,6.1NRT,289.78,5.79,N
8.38974,9.94662,303.75,1.28,1.12,2022-01-22,113,Aqua,MODIS,57,6.1NRT,289.58,8.31,N
7.96171,9.99744,301.65,1.3,1.13,2022-01-22,113,Aqua,MODIS,43,6.1NRT,289.48,7.83,N
8.05293,9.2854,301.57,1.18,1.08,2022-01-22,113,Aqua,MODIS,42,6.1NRT,289.05,6.86,N
8.33469,0.70232,306.93,2.08,1.4,2022-01-22,113,Aqua,MODIS,70,6.1NRT,288.82,26.73,N
7.38482,5.83196,306.99,1.02,1.01,2022-01-22,113,Aqua,MODIS,70,6.1NRT,292.48,8.21,N
6.50251,9.76714,310.12,1.32,1.14,2022-01-22,113,Aqua,MODIS,79,6.1NRT,290.59,14.78,N
4.59575,-3.13145,305.88,3.64,1.79,2022-01-22,115,Aqua,MODIS,38,6.1NRT,291.84,33.75,N
4.55945,4.61982,307.88,1.05,1.02,2022-01-22,115,Aqua,MODIS,57,6.1NRT,295.25,5.55,N
4.14497,7.98136,306.25,1.12,1.06,2022-01-22,115,Aqua,MODIS,43,6.1NRT,294.57,4.83,N
4.14647,7.97137,309.37,1.12,1.06,2022-01-22,115,Aqua,MODIS,66,6.1NRT,294.57,7.27,N
4.30383,7.65981,317.03,1.08,1.04,2022-01-22,115,Aqua,MODIS,80,6.1NRT,294.48,15.21,N
4.45985,7.47015,304.27,1.06,1.03,2022-01-22,115,Aqua,MODIS,59,6.1NRT,291.96,6.02,N
-20.39379,-49.05983,304.36,2.21,1.44,2022-01-22,124,Terra,MODIS,60,6.1NRT,291.29,14.99,N
-18.06351,-42.76542,306.51,1,1,2022-01-22,124,Terra,MODIS,68,6.1NRT,290.08,7.4,N
-16.15286,-42.3354,302.45,1.02,1.01,2022-01-22,124,Terra,MODIS,49,6.1NRT,292.17,4.67,N
-16.56439,-46.60823,301.28,1.32,1.14,2022-01-22,124,Terra,MODIS,40,6.1NRT,291.01,5.22,N
-16.66949,-50.58676,314.71,2.56,1.54,2022-01-22,124,Terra,MODIS,90,6.1NRT,290.43,50.09,N
-16.67202,-50.61063,305.84,2.57,1.54,2022-01-22,124,Terra,MODIS,66,6.1NRT,290.3,25.41,N
-16.66386,-50.59396,317.9,2.56,1.54,2022-01-22,124,Terra,MODIS,96,6.1NRT,290.37,59.74,N
-15.51018,-41.90213,301.15,1.05,1.03,2022-01-22,124,Terra,MODIS,38,6.1NRT,290.28,5.61,N
-15.14779,-43.40286,305.07,1,1,2022-01-22,124,Terra,MODIS,63,6.1NRT,293.46,5.76,N
-15.13881,-43.40424,305.82,1,1,2022-01-22,124,Terra,MODIS,66,6.1NRT,292.7,6.2,N
-15.11997,-45.67159,309.8,1.13,1.06,2022-01-22,124,Terra,MODIS,78,6.1NRT,291.86,11.19,N
-18.06217,-42.75603,314.32,1,1,2022-01-22,124,Terra,MODIS,89,6.1NRT,290.28,13.05,N
-20.39372,-49.04427,325.8,2.2,1.44,2022-01-22,124,Terra,MODIS,100,6.1NRT,291.96,71.03,N
-20.39137,-49.02283,311.01,2.19,1.44,2022-01-22,124,Terra,MODIS,81,6.1NRT,291.69,27.27,N
-20.39165,-49.03887,336.57,2.2,1.44,2022-01-22,124,Terra,MODIS,100,6.1NRT,292.17,117.01,N
-20.24702,-46.58112,300.19,1.46,1.2,2022-01-22,124,Terra,MODIS,21,6.1NRT,288.94,7.41,N
-20.24533,-46.56688,300.68,1.46,1.19,2022-01-22,124,Terra,MODIS,32,6.1NRT,288.75,7.98,N
-20.88171,-48.39298,319.94,2,1.38,2022-01-22,124,Terra,MODIS,99,6.1NRT,287.65,47.87,N
-20.55319,-43.77374,319.98,1.06,1.03,2022-01-22,124,Terra,MODIS,99,6.1NRT,291.32,19.57,N
-20.55182,-43.76355,310.37,1.06,1.03,2022-01-22,124,Terra,MODIS,80,6.1NRT,292.42,10.75,N
-21.30072,-48.93721,303.01,2.23,1.45,2022-01-22,124,Terra,MODIS,53,6.1NRT,291.54,13.82,N
-20.23064,-40.23361,305.76,1.1,1.05,2022-01-22,124,Terra,MODIS,38,6.1NRT,295.1,6.19,N
-20.24164,-40.24244,322.09,1.1,1.05,2022-01-22,124,Terra,MODIS,100,6.1NRT,296.83,20.72,N
-20.99485,-43.31179,311.47,1.04,1.02,2022-01-22,124,Terra,MODIS,83,6.1NRT,291.59,11.1,N
-21.79,-49.80145,301.88,2.62,1.55,2022-01-22,124,Terra,MODIS,45,6.1NRT,290.61,15.05,N
-21.67142,-48.51078,309.76,2.09,1.41,2022-01-22,124,Terra,MODIS,78,6.1NRT,291.42,25.61,N
-21.66924,-48.49036,306.16,2.09,1.41,2022-01-22,124,Terra,MODIS,67,6.1NRT,291.54,18.46,N
-21.79451,-49.79426,302.3,2.62,1.55,2022-01-22,124,Terra,MODIS,48,6.1NRT,290.57,14.78,N
-21.67137,-48.50419,316.88,2.09,1.41,2022-01-22,124,Terra,MODIS,94,6.1NRT,291.53,39.91,N
-21.65876,-47.35242,304.96,1.73,1.29,2022-01-22,124,Terra,MODIS,51,6.1NRT,291.37,11.41,N
-21.6682,-47.36259,305.24,1.73,1.29,2022-01-22,124,Terra,MODIS,63,6.1NRT,291.04,13.09,N
-21.66638,-47.34584,304.55,1.73,1.29,2022-01-22,124,Terra,MODIS,61,6.1NRT,291.17,12.02,N
-21.21776,-40.00078,306.27,1.1,1.05,2022-01-22,124,Terra,MODIS,43,6.1NRT,296.12,4.8,N
-22.28135,-41.72337,304.13,1,1,2022-01-22,124,Terra,MODIS,59,6.1NRT,293.81,4.49,N
-22.90293,-43.73779,308.04,1.1,1.05,2022-01-22,124,Terra,MODIS,73,6.1NRT,294.83,7.14,N
-22.91237,-43.73635,312.49,1.1,1.05,2022-01-22,124,Terra,MODIS,85,6.1NRT,295.05,10.44,N
-22.91099,-43.72562,305.04,1.1,1.05,2022-01-22,124,Terra,MODIS,45,6.1NRT,294.07,4.72,N
-22.9246,-43.75639,310.65,1.1,1.05,2022-01-22,124,Terra,MODIS,55,6.1NRT,294.93,8.24,N
-13.2432,-45.03546,336.02,1.04,1.02,2022-01-22,126,Terra,MODIS,100,6.1NRT,294.58,38.28,N
-13.25623,-45.06269,316.75,1.04,1.02,2022-01-22,126,Terra,MODIS,94,6.1NRT,293.46,13.93,N
-13.25753,-45.07222,306.5,1.04,1.02,2022-01-22,126,Terra,MODIS,10,6.1NRT,292.66,5.85,N
-13.25883,-45.08176,310.51,1.04,1.02,2022-01-22,126,Terra,MODIS,37,6.1NRT,292.66,8.7,N
-13.26013,-45.09129,313.43,1.04,1.02,2022-01-22,126,Terra,MODIS,81,6.1NRT,292.84,11.48,N
-13.23931,-45.00698,302.98,1.04,1.02,2022-01-22,126,Terra,MODIS,53,6.1NRT,291.78,4.83,N
-13.2406,-45.01647,327.54,1.04,1.02,2022-01-22,126,Terra,MODIS,100,6.1NRT,293.02,26.67,N
-13.2419,-45.02597,312.39,1.04,1.02,2022-01-22,126,Terra,MODIS,85,6.1NRT,292.83,10.83,N
-13.24449,-45.04497,358.55,1.04,1.02,2022-01-22,126,Terra,MODIS,100,6.1NRT,296.23,85.69,N
-13.24579,-45.05449,352.59,1.04,1.02,2022-01-22,126,Terra,MODIS,100,6.1NRT,295.73,69.91,N
-13.24709,-45.06404,315.86,1.04,1.02,2022-01-22,126,Terra,MODIS,77,6.1NRT,292.83,12.86,N
-12.29649,-43.2076,303.12,1.02,1.01,2022-01-22,126,Terra,MODIS,48,6.1NRT,292,4.16,N
-10.8238,-37.24018,303.84,2.47,1.51,2022-01-22,126,Terra,MODIS,57,6.1NRT,292.19,19.68,N
-11.13189,-44.58754,312.67,1,1,2022-01-22,126,Terra,MODIS,85,6.1NRT,293.19,11.06,N
-9.04584,-38.24422,305.63,2.23,1.45,2022-01-22,126,Terra,MODIS,65,6.1NRT,293.22,15.51,N
-9.97483,-49.82341,332.26,1.78,1.31,2022-01-22,126,Terra,MODIS,100,6.1NRT,294.74,70.13,N
-14.11023,-46.03066,302.98,1.15,1.07,2022-01-22,126,Terra,MODIS,53,6.1NRT,290.57,6.57,N
-13.86365,-49.18864,303.8,1.82,1.32,2022-01-22,126,Terra,MODIS,57,6.1NRT,287.51,12.15,N
-13.26537,-45.06133,305.59,1.04,1.02,2022-01-22,126,Terra,MODIS,32,6.1NRT,292.88,5.96,N
-13.26667,-45.07085,306.7,1.04,1.02,2022-01-22,126,Terra,MODIS,44,6.1NRT,292.88,6.6,N
-13.26797,-45.08038,323.35,1.04,1.02,2022-01-22,126,Terra,MODIS,100,6.1NRT,293.65,20.85,N
-13.26928,-45.08992,336.69,1.04,1.02,2022-01-22,126,Terra,MODIS,100,6.1NRT,294.99,39.37,N
-13.25103,-45.02461,305.12,1.04,1.02,2022-01-22,126,Terra,MODIS,63,6.1NRT,292.53,5.92,N
-13.25233,-45.03411,331.91,1.04,1.02,2022-01-22,126,Terra,MODIS,100,6.1NRT,293.89,32.48,N
-13.25362,-45.04362,363.72,1.04,1.02,2022-01-22,126,Terra,MODIS,100,6.1NRT,296.9,100.71,N
-13.25493,-45.05314,367.35,1.04,1.02,2022-01-22,126,Terra,MODIS,100,6.1NRT,297.14,111.86,N
-4.02635,-47.01944,307.29,1.04,1.02,2022-01-22,128,Terra,MODIS,71,6.1NRT,291.14,6.61,N
-4.20965,-45.51799,300.66,1,1,2022-01-22,128,Terra,MODIS,31,6.1NRT,283.19,4.09,N
-3.04446,-47.69724,302.27,1.08,1.04,2022-01-22,128,Terra,MODIS,48,6.1NRT,283.84,4.74,N
-5.18423,-44.22167,300.2,1.05,1.02,2022-01-22,128,Terra,MODIS,21,6.1NRT,283.81,4.09,N
-4.01741,-47.22094,315.07,1.05,1.02,2022-01-22,128,Terra,MODIS,90,6.1NRT,289.85,13.45,N
-4.80123,-37.95479,302.56,2.8,1.6,2022-01-22,128,Terra,MODIS,50,6.1NRT,291.68,15.24,N
-5.41975,-44.64835,303.76,1.02,1.01,2022-01-22,128,Terra,MODIS,57,6.1NRT,290.68,4.92,N
-3.27169,-49.04435,305.4,1.26,1.12,2022-01-22,128,Terra,MODIS,64,6.1NRT,290.16,7.59,N
-41.32661,173.1313,328.74,2.54,1.53,2022-01-22,153,Aqua,MODIS,79,6.1NRT,298.69,83.32,D
35.33027,138.85881,308.27,2.86,1.61,2022-01-22,208,Terra,MODIS,56,6.1NRT,277.59,49.21,D
35.28612,138.83844,346.05,2.86,1.61,2022-01-22,208,Terra,MODIS,89,6.1NRT,279.18,258.98,D
35.32812,138.85254,318.57,2.86,1.61,2022-01-22,208,Terra,MODIS,64,6.1NRT,278.45,83.35,D
35.28822,138.84492,332.13,2.86,1.61,2022-01-22,208,Terra,MODIS,88,6.1NRT,278.39,151.65,D
35.31621,138.85437,311.44,2.86,1.61,2022-01-22,208,Terra,MODIS,56,6.1NRT,278.1,57.61,D
33.2767,131.3076,300.17,1.14,1.06,2022-01-22,210,Terra,MODIS,23,6.1NRT,277.53,8.1,D
14.00374,120.99548,314.68,1.24,1.1,2022-01-22,215,Terra,MODIS,0,6.1NRT,296.93,9.79,D
15.38408,120.64963,323.38,1.35,1.15,2022-01-22,215,Terra,MODIS,63,6.1NRT,297.91,15.07,D
11.43905,122.11326,309.36,1.04,1.02,2022-01-22,217,Terra,MODIS,38,6.1NRT,293.79,5.87,D
10.96307,122.67242,312.5,1.01,1,2022-01-22,217,Terra,MODIS,52,6.1NRT,295.83,4.37,D
10.2316,122.88715,321.45,1,1,2022-01-22,217,Terra,MODIS,74,6.1NRT,297.97,11.12,D
7.60922,124.8255,313.38,1.14,1.06,2022-01-22,217,Terra,MODIS,71,6.1NRT,280.44,12.02,D
-3.8725,122.4099,313.08,1.15,1.07,2022-01-22,219,Terra,MODIS,42,6.1NRT,288.14,8.41,D
-3.87104,122.3997,312.94,1.14,1.07,2022-01-22,219,Terra,MODIS,49,6.1NRT,287.61,8.47,D
-2.58297,121.37947,347.5,1.03,1.01,2022-01-22,219,Terra,MODIS,95,6.1NRT,294.41,52.62,D
-2.58161,121.3703,334.48,1.03,1.01,2022-01-22,219,Terra,MODIS,88,6.1NRT,293.26,29.43,D
-2.5739,121.38069,319.85,1.03,1.01,2022-01-22,219,Terra,MODIS,78,6.1NRT,295.19,12.47,D
-22.26666,117.28124,347.08,1.03,1.02,2022-01-22,225,Terra,MODIS,90,6.1NRT,315.77,34.96,D
-22.26806,117.29128,342.71,1.04,1.02,2022-01-22,225,Terra,MODIS,86,6.1NRT,316.03,25.56,D
-21.29754,117.64453,342.71,1.04,1.02,2022-01-22,225,Terra,MODIS,86,6.1NRT,310.21,29.24,D
-21.29616,117.63451,334.97,1.04,1.02,2022-01-22,225,Terra,MODIS,70,6.1NRT,309.94,15.6,D
-21.60718,114.68433,311.24,1.06,1.03,2022-01-22,225,Terra,MODIS,45,6.1NRT,299.44,7.39,D
-22.24238,117.36298,334.23,1.04,1.02,2022-01-22,225,Terra,MODIS,65,6.1NRT,318.47,11.58,D
-22.24379,117.37305,357.1,1.04,1.02,2022-01-22,225,Terra,MODIS,98,6.1NRT,320.7,58,D
-22.24518,117.38302,340.05,1.04,1.02,2022-01-22,225,Terra,MODIS,59,6.1NRT,317.18,19.87,D
-22.26216,117.38409,333.94,1.04,1.02,2022-01-22,225,Terra,MODIS,66,6.1NRT,316.73,14.15,D
-22.26355,117.39423,333.73,1.04,1.02,2022-01-22,225,Terra,MODIS,70,6.1NRT,315.58,14.09,D
-22.25753,117.28275,334.52,1.03,1.02,2022-01-22,225,Terra,MODIS,69,6.1NRT,315.82,13.1,D
-21.2607,117.63571,335.82,1.04,1.02,2022-01-22,225,Terra,MODIS,75,6.1NRT,310.18,15.64,D
-21.28697,117.63594,337.95,1.04,1.02,2022-01-22,225,Terra,MODIS,80,6.1NRT,311.7,20.48,D
-21.28835,117.6459,343.51,1.04,1.02,2022-01-22,225,Terra,MODIS,87,6.1NRT,311.6,30.71,D
-21.28972,117.65591,330.09,1.04,1.02,2022-01-22,225,Terra,MODIS,33,6.1NRT,310.29,8.53,D
-21.48124,115.35812,314.91,1.02,1.01,2022-01-22,225,Terra,MODIS,62,6.1NRT,302.25,8.8,D
-31.86311,115.89046,326.89,1.1,1.04,2022-01-22,230,Terra,MODIS,38,6.1NRT,311.59,5.82,D
-31.79517,115.84908,327.9,1.09,1.04,2022-01-22,230,Terra,MODIS,25,6.1NRT,311.25,7.68,D
-31.79367,115.83749,327.82,1.09,1.04,2022-01-22,230,Terra,MODIS,34,6.1NRT,310.98,7.68,D
-31.85928,115.89729,328.47,1.1,1.04,2022-01-22,230,Terra,MODIS,28,6.1NRT,311.14,6.65,D
-32.05905,115.91591,328.54,1.1,1.05,2022-01-22,230,Terra,MODIS,43,6.1NRT,311.32,7.55,D
-32.06053,115.92764,328.41,1.1,1.05,2022-01-22,230,Terra,MODIS,34,6.1NRT,311.81,7.51,D
-32.06852,115.91427,329.95,1.1,1.05,2022-01-22,230,Terra,MODIS,55,6.1NRT,309.35,9.98,D
-31.99066,115.94577,330,1.1,1.05,2022-01-22,230,Terra,MODIS,35,6.1NRT,309.97,7.97,D
-31.96813,115.99754,326.84,1.11,1.05,2022-01-22,230,Terra,MODIS,44,6.1NRT,312.11,6.32,D
-31.90137,115.81284,328.3,1.09,1.04,2022-01-22,230,Terra,MODIS,38,6.1NRT,311.07,9.39,D
-31.86459,115.9021,326.92,1.1,1.05,2022-01-22,230,Terra,MODIS,38,6.1NRT,311.18,5.66,D
41.56533,-8.11007,315.01,1.03,1.01,2022-01-22,245,Aqua,MODIS,90,6.1NRT,274.6,19.51,N
10.04462,-12.70337,302.15,1.66,1.27,2022-01-22,251,Aqua,MODIS,47,6.1NRT,289.46,12.57,N
12.69837,-10.68642,300.41,2.12,1.41,2022-01-22,251,Aqua,MODIS,27,6.1NRT,290.26,13.27,N
12.73388,-14.09618,302.47,1.22,1.1,2022-01-22,251,Aqua,MODIS,49,6.1NRT,290.18,7.36,N
10.85739,-11.62683,303.39,1.94,1.36,2022-01-22,251,Aqua,MODIS,55,6.1NRT,287.4,19.57,N
10.85446,-11.60921,301.17,1.95,1.36,2022-01-22,251,Aqua,MODIS,38,6.1NRT,287.92,16.93,N
-34.76302,-70.84422,305.48,2.11,1.41,2022-01-22,300,Terra,MODIS,64,6.1NRT,286.44,25.85,N
-27.59178,-57.22348,313.52,2.46,1.51,2022-01-22,300,Terra,MODIS,86,6.1NRT,293.2,37.29,N
-27.34443,-56.61111,303.6,2.74,1.58,2022-01-22,300,Terra,MODIS,36,6.1NRT,292.81,14.32,N
-27.4964,-57.28007,311.55,2.45,1.51,2022-01-22,300,Terra,MODIS,81,6.1NRT,294.21,29.88,N
-27.49143,-57.25547,321.19,2.46,1.51,2022-01-22,300,Terra,MODIS,100,6.1NRT,294.58,60.11,N
-30.07944,-61.27832,314.2,1.23,1.1,2022-01-22,300,Terra,MODIS,86,6.1NRT,296.01,13.51,N
-28.87528,-56.7603,310.09,2.47,1.51,2022-01-22,300,Terra,MODIS,77,6.1NRT,294.93,25.27,N
-28.8804,-56.78521,306.1,2.46,1.51,2022-01-22,300,Terra,MODIS,30,6.1NRT,294.69,14.82,N
-28.86182,-56.76397,306.39,2.47,1.51,2022-01-22,300,Terra,MODIS,56,6.1NRT,293.97,16.51,N
-28.43192,-57.58937,305.32,2.22,1.44,2022-01-22,300,Terra,MODIS,59,6.1NRT,293.73,14.22,N
-27.91945,-56.97416,305.83,2.51,1.52,2022-01-22,300,Terra,MODIS,48,6.1NRT,292.98,18.53,N
-27.92472,-56.99928,306.68,2.5,1.52,2022-01-22,300,Terra,MODIS,62,6.1NRT,292.98,20.29,N
-27.9138,-56.98216,305.04,2.51,1.52,2022-01-22,300,Terra,MODIS,54,6.1NRT,293.08,17.58,N
-28.11178,-59.00711,315.12,1.81,1.32,2022-01-22,300,Terra,MODIS,88,6.1NRT,295.42,24.14,N
-27.61469,-57.15893,324.71,2.48,1.52,2022-01-22,300,Terra,MODIS,100,6.1NRT,294.29,76.61,N
-27.59604,-57.13763,306.98,2.49,1.52,2022-01-22,300,Terra,MODIS,35,6.1NRT,293.5,17.71,N
-27.60119,-57.16246,342.58,2.48,1.52,2022-01-22,300,Terra,MODIS,100,6.1NRT,295.81,170.68,N
-27.60379,-57.14199,323.32,2.49,1.52,2022-01-22,300,Terra,MODIS,100,6.1NRT,294.38,70.07,N
-27.60877,-57.16689,338.22,2.48,1.52,2022-01-22,300,Terra,MODIS,100,6.1NRT,295.52,143.27,N
-27.59028,-57.14558,305.89,2.49,1.52,2022-01-22,300,Terra,MODIS,60,6.1NRT,293.49,17.84,N
-27.59528,-57.17045,306.11,2.48,1.52,2022-01-22,300,Terra,MODIS,61,6.1NRT,293.37,18.42,N
-22.63873,-63.55925,322.49,1.2,1.09,2022-01-22,302,Terra,MODIS,100,6.1NRT,297.45,20.1,N
-22.63688,-63.54765,309.92,1.2,1.09,2022-01-22,302,Terra,MODIS,31,6.1NRT,297.22,6.03,N
-22.64849,-63.55737,324.48,1.2,1.09,2022-01-22,302,Terra,MODIS,100,6.1NRT,298.05,22.52,N
-22.64665,-63.54576,317.42,1.2,1.09,2022-01-22,302,Terra,MODIS,86,6.1NRT,297.45,13.17,N
-27.5688,-58.17783,303.51,2.12,1.41,2022-01-22,302,Terra,MODIS,34,6.1NRT,292.28,9.08,N
-25.7331,-55.72992,302.39,3.43,1.74,2022-01-22,302,Terra,MODIS,34,6.1NRT,289.72,22.18,N
-26.02658,-57.10841,307.06,2.71,1.58,2022-01-22,302,Terra,MODIS,63,6.1NRT,293.29,19.02,N
-26.02391,-57.11468,310.74,2.71,1.58,2022-01-22,302,Terra,MODIS,78,6.1NRT,293.46,30.2,N
-25.71686,-55.70386,301.67,3.45,1.75,2022-01-22,302,Terra,MODIS,12,6.1NRT,289.49,23.81,N
-26.03089,-58.1601,305.94,2.29,1.47,2022-01-22,302,Terra,MODIS,57,6.1NRT,293.24,12.02,N
-25.65656,-56.81427,305.11,2.9,1.62,2022-01-22,302,Terra,MODIS,56,6.1NRT,292.16,18.41,N
-25.57059,-58.72273,308.97,2.15,1.42,2022-01-22,302,Terra,MODIS,75,6.1NRT,294.1,13.9,N
-25.4161,-58.47187,307.95,2.25,1.45,2022-01-22,302,Terra,MODIS,72,6.1NRT,293.68,13.79,N
-25.42039,-58.49401,308.06,2.24,1.45,2022-01-22,302,Terra,MODIS,73,6.1NRT,293.8,13.81,N
-24.9215,-56.99776,307.18,2.93,1.63,2022-01-22,302,Terra,MODIS,71,6.1NRT,290.98,29.71,N
-24.96044,-60.24559,312.63,1.74,1.29,2022-01-22,302,Terra,MODIS,54,6.1NRT,294.81,13.99,N
-24.94571,-60.23111,325.86,1.74,1.29,2022-01-22,302,Terra,MODIS,100,6.1NRT,295.13,42.6,N
-24.95055,-60.23548,320.89,1.74,1.29,2022-01-22,302,Terra,MODIS,100,6.1NRT,295.02,31.5,N
-24.9536,-60.25259,309.93,1.74,1.29,2022-01-22,302,Terra,MODIS,64,6.1NRT,294.84,10.47,N
-24.9359,-60.22095,326.64,1.75,1.3,2022-01-22,302,Terra,MODIS,100,6.1NRT,295.03,45.82,N
-24.93898,-60.23809,324.42,1.74,1.29,2022-01-22,302,Terra,MODIS,100,6.1NRT,294.91,39.8,N
-24.81645,-60.27213,312.23,1.74,1.29,2022-01-22,302,Terra,MODIS,75,6.1NRT,294.91,14.69,N
-24.80488,-60.27472,310.3,1.74,1.29,2022-01-22,302,Terra,MODIS,66,6.1NRT,294.81,11.72,N
-24.79016,-60.2602,310.06,1.75,1.3,2022-01-22,302,Terra,MODIS,65,6.1NRT,294.69,11.58,N
-24.7247,-60.20898,311.45,1.77,1.3,2022-01-22,302,Terra,MODIS,73,6.1NRT,294.68,15.48,N
-24.83381,-61.0753,315.64,1.54,1.22,2022-01-22,302,Terra,MODIS,87,6.1NRT,295.73,15.93,N
-24.8334,-61.0818,315.54,1.54,1.22,2022-01-22,302,Terra,MODIS,87,6.1NRT,295.69,15.88,N
-24.78961,-61.09134,312.55,1.54,1.22,2022-01-22,302,Terra,MODIS,75,6.1NRT,295.6,11.83,N
-24.79226,-61.10644,315.03,1.54,1.22,2022-01-22,302,Terra,MODIS,85,6.1NRT,295.67,15.49,N
-24.11401,-57.72337,309.84,2.71,1.58,2022-01-22,302,Terra,MODIS,73,6.1NRT,292.25,30.66,N
-24.11936,-57.74972,305.21,2.7,1.57,2022-01-22,302,Terra,MODIS,51,6.1NRT,292.18,17.32,N
-24.1112,-57.72945,314.17,2.71,1.58,2022-01-22,302,Terra,MODIS,87,6.1NRT,292.5,45.19,N
-24.5887,-61.19382,309.18,1.53,1.22,2022-01-22,302,Terra,MODIS,56,6.1NRT,295.8,7.74,N
-24.59135,-61.20878,322.87,1.53,1.22,2022-01-22,302,Terra,MODIS,100,6.1NRT,296.49,29.5,N
-23.13606,-58.45742,309.27,2.53,1.53,2022-01-22,302,Terra,MODIS,72,6.1NRT,291.73,24.76,N
-23.14091,-58.4818,307.93,2.52,1.53,2022-01-22,302,Terra,MODIS,67,6.1NRT,291.67,21.12,N
-23.14425,-58.46089,305.92,2.53,1.53,2022-01-22,302,Terra,MODIS,54,6.1NRT,291.78,15.32,N
-23.13061,-58.46411,307.49,2.53,1.53,2022-01-22,302,Terra,MODIS,65,6.1NRT,291.61,19.84,N
-22.6765,-63.53374,316.72,1.2,1.09,2022-01-22,302,Terra,MODIS,91,6.1NRT,298.08,12.52,N
-22.66673,-63.53561,313.57,1.2,1.09,2022-01-22,302,Terra,MODIS,81,6.1NRT,297.67,9.28,N
-22.65697,-63.53749,308.46,1.2,1.09,2022-01-22,302,Terra,MODIS,57,6.1NRT,297.39,4.82,N
-22.65886,-63.54908,327.22,1.2,1.09,2022-01-22,302,Terra,MODIS,100,6.1NRT,298.18,27.07,N
-22.65641,-63.54388,323.51,1.2,1.09,2022-01-22,302,Terra,MODIS,100,6.1NRT,298.03,21.24,N
-22.65824,-63.55549,312.37,1.2,1.09,2022-01-22,302,Terra,MODIS,54,6.1NRT,297.71,8.24,N
-22.31847,-68.88213,308.13,1.13,1.06,2022-01-22,302,Terra,MODIS,74,6.1NRT,283.66,13.81,N
-21.2211,-60.69101,312,1.92,1.35,2022-01-22,302,Terra,MODIS,83,6.1NRT,292.05,22.52,N
-21.21782,-60.67262,304.5,1.93,1.36,2022-01-22,302,Terra,MODIS,56,6.1NRT,292.05,9.49,N
-21.98569,-63.5103,330,1.23,1.1,2022-01-22,302,Terra,MODIS,100,6.1NRT,296.98,33.78,N
-21.99557,-63.50847,314.58,1.23,1.1,2022-01-22,302,Terra,MODIS,86,6.1NRT,296.6,11.77,N
-21.99367,-63.49651,317.19,1.23,1.1,2022-01-22,302,Terra,MODIS,93,6.1NRT,296.66,14.86,N
-22.39503,-63.00575,319.69,1.29,1.13,2022-01-22,302,Terra,MODIS,99,6.1NRT,298.06,17.31,N
-22.61736,-63.55142,314.04,1.2,1.09,2022-01-22,302,Terra,MODIS,50,6.1NRT,297.49,10.02,N
-22.62527,-63.53793,309.37,1.2,1.09,2022-01-22,302,Terra,MODIS,20,6.1NRT,297.58,5.16,N
-18.64679,-63.3139,303.02,1.42,1.18,2022-01-22,304,Terra,MODIS,37,6.1NRT,292.52,5.74,N
-18.63842,-63.32927,305.73,1.41,1.18,2022-01-22,304,Terra,MODIS,65,6.1NRT,291.95,8.79,N
-18.13328,-62.56895,301.68,1.62,1.25,2022-01-22,304,Terra,MODIS,43,6.1NRT,290.98,6.43,N
-18.00325,-62.34401,304.13,1.69,1.28,2022-01-22,304,Terra,MODIS,59,6.1NRT,290.46,10.43,N
-17.51884,-61.95041,308.79,1.84,1.33,2022-01-22,304,Terra,MODIS,76,6.1NRT,289.36,20.73,N
-17.52184,-61.96759,312.93,1.83,1.33,2022-01-22,304,Terra,MODIS,86,6.1NRT,290.22,27.33,N
-17.51379,-61.95697,315.52,1.84,1.33,2022-01-22,304,Terra,MODIS,91,6.1NRT,289.77,32.33,N
-19.05595,-62.43518,316.53,1.59,1.24,2022-01-22,304,Terra,MODIS,93,6.1NRT,292.79,24.53,N
-19.05662,-62.44081,314.29,1.59,1.24,2022-01-22,304,Terra,MODIS,89,6.1NRT,292.76,21.35,N
1.4519,-73.91382,302.37,1.14,1.06,2022-01-22,308,Terra,MODIS,49,6.1NRT,292.18,4.31,N
3.55728,-71.85896,302.27,1,1,2022-01-22,308,Terra,MODIS,48,6.1NRT,292.12,3.58,N
3.22974,-73.19315,306.78,1.03,1.02,2022-01-22,308,Terra,MODIS,69,6.1NRT,292.53,6.5,N
2.57355,-74.22691,302.11,1.15,1.07,2022-01-22,308,Terra,MODIS,47,6.1NRT,291.46,4.36,N
3.13425,-72.89355,308.24,1.02,1.01,2022-01-22,308,Terra,MODIS,74,6.1NRT,293.03,7.25,N
3.24745,-71.89944,305.05,1,1,2022-01-22,308,Terra,MODIS,63,6.1NRT,292.34,5,N
2.1608,-73.90118,306.56,1.12,1.05,2022-01-22,308,Terra,MODIS,68,6.1NRT,291.91,7.48,N
1.69403,-74.21765,300.79,1.17,1.08,2022-01-22,308,Terra,MODIS,30,6.1NRT,289.38,3.69,N
3.24871,-71.89052,302.96,1,1,2022-01-22,308,Terra,MODIS,52,6.1NRT,292.08,3.71,N
3.01413,-73.41497,302.25,1.05,1.02,2022-01-22,308,Terra,MODIS,48,6.1NRT,291.72,4.12,N
2.57207,-74.23709,301.83,1.15,1.07,2022-01-22,308,Terra,MODIS,45,6.1NRT,291.52,4.25,N
1.42486,-73.89964,305.34,1.13,1.06,2022-01-22,308,Terra,MODIS,64,6.1NRT,292.26,6.42,N
4.74958,-70.90078,312.39,1.06,1.03,2022-01-22,310,Terra,MODIS,85,6.1NRT,288,10.63,N
3.79553,-71.60341,301.79,1.01,1,2022-01-22,310,Terra,MODIS,44,6.1NRT,291.48,3.38,N
4.74825,-70.91027,305.81,1.06,1.03,2022-01-22,310,Terra,MODIS,32,6.1NRT,288.26,5.07,N
5.25543,-72.60112,302.26,1,1,2022-01-22,310,Terra,MODIS,48,6.1NRT,291.43,3.87,N
7.68426,-70.20939,306.07,1.22,1.1,2022-01-22,310,Terra,MODIS,67,6.1NRT,291.95,9.09,N
4.66092,-71.46713,303.39,1.02,1.01,2022-01-22,310,Terra,MODIS,55,6.1NRT,290.97,4.33,N
4.73639,-70.92796,306.28,1.06,1.03,2022-01-22,310,Terra,MODIS,62,6.1NRT,289.52,5.45,N
4.73771,-70.91847,342.55,1.06,1.03,2022-01-22,310,Terra,MODIS,100,6.1NRT,290.24,50.01,N
4.73904,-70.90899,350.57,1.06,1.03,2022-01-22,310,Terra,MODIS,100,6.1NRT,290.3,66.87,N
4.74036,-70.89949,359,1.06,1.03,2022-01-22,310,Terra,MODIS,100,6.1NRT,290.3,89.48,N
4.74169,-70.88998,317.14,1.07,1.03,2022-01-22,310,Terra,MODIS,94,6.1NRT,288.98,14.96,N
4.72718,-70.92664,328.97,1.06,1.03,2022-01-22,310,Terra,MODIS,100,6.1NRT,289.67,27.98,N
4.7285,-70.91717,346.42,1.06,1.03,2022-01-22,310,Terra,MODIS,100,6.1NRT,291.1,57.92,N
4.43712,-71.48817,300.19,1.02,1.01,2022-01-22,310,Terra,MODIS,21,6.1NRT,282.52,3.89,N
4.40983,-71.55256,305.57,1.02,1.01,2022-01-22,310,Terra,MODIS,65,6.1NRT,283.18,7.4,N
4.27493,-72.18372,307.84,1,1,2022-01-22,310,Terra,MODIS,73,6.1NRT,292.16,6.93,N
4.27619,-72.17479,315.69,1,1,2022-01-22,310,Terra,MODIS,92,6.1NRT,291.73,12.75,N
4.15948,-71.76238,304.8,1.01,1,2022-01-22,310,Terra,MODIS,62,6.1NRT,290.37,4.95,N
4.04216,-71.87669,302.54,1,1,2022-01-22,310,Terra,MODIS,50,6.1NRT,290.77,3.6,N
4.11966,-71.32541,308.22,1.03,1.01,2022-01-22,310,Terra,MODIS,52,6.1NRT,291.06,8.11,N
3.91186,-72.7325,304.28,1.01,1,2022-01-22,310,Terra,MODIS,42,6.1NRT,291.87,4.27,N
4.06785,-71.17149,303.25,1.03,1.02,2022-01-22,310,Terra,MODIS,54,6.1NRT,291.53,3.68,N
3.97902,-71.47583,304.13,1.02,1.01,2022-01-22,310,Terra,MODIS,59,6.1NRT,292.05,4.52,N
3.6983,-73.32888,301.7,1.04,1.02,2022-01-22,310,Terra,MODIS,43,6.1NRT,290.97,3.75,N
8.89679,-69.90941,314.49,1.32,1.14,2022-01-22,312,Terra,MODIS,89,6.1NRT,293.15,18.7,N
9.48892,-69.05345,305.78,1.54,1.22,2022-01-22,312,Terra,MODIS,43,6.1NRT,292.35,12.2,N
10.05653,-64.87919,315.02,3.3,1.72,2022-01-22,312,Terra,MODIS,71,6.1NRT,290.81,77.75,N
10.05263,-64.88445,312.77,3.3,1.72,2022-01-22,312,Terra,MODIS,57,6.1NRT,290.67,71.06,N
9.65531,-70.64355,303.44,1.22,1.1,2022-01-22,312,Terra,MODIS,55,6.1NRT,286.55,9.9,N
10.30328,-72.35686,307.78,1.04,1.02,2022-01-22,312,Terra,MODIS,72,6.1NRT,290.4,7.36,N
10.33045,-72.56274,308.34,1.03,1.01,2022-01-22,312,Terra,MODIS,74,6.1NRT,288.57,9.68,N
11.74272,-70.20107,322.08,1.38,1.16,2022-01-22,312,Terra,MODIS,100,6.1NRT,295.27,29.48,N
8.66419,-67.25626,303.12,2.04,1.39,2022-01-22,312,Terra,MODIS,53,6.1NRT,292.84,10.39,N
8.67499,-67.25204,302.88,2.04,1.39,2022-01-22,312,Terra,MODIS,52,6.1NRT,292.84,9.47,N
8.74272,-70.14987,310.95,1.27,1.12,2022-01-22,312,Terra,MODIS,63,6.1NRT,292.46,11.89,N
8.74344,-70.1444,308.57,1.27,1.12,2022-01-22,312,Terra,MODIS,75,6.1NRT,291.95,9.92,N
8.75342,-70.14616,311.42,1.27,1.12,2022-01-22,312,Terra,MODIS,82,6.1NRT,291.57,12.65,N
8.75188,-70.1579,306.73,1.27,1.12,2022-01-22,312,Terra,MODIS,51,6.1NRT,292,8.09,N
9.61964,-63.72605,319.83,4,1.86,2022-01-22,312,Terra,MODIS,99,6.1NRT,288.12,132.08,N
9.6496,-63.61709,325.2,4.08,1.87,2022-01-22,312,Terra,MODIS,100,6.1NRT,288.86,179.66,N
9.64517,-63.65421,312.12,4.05,1.87,2022-01-22,312,Terra,MODIS,84,6.1NRT,288,84.26,N
9.62445,-63.73198,315.44,4,1.86,2022-01-22,312,Terra,MODIS,91,6.1NRT,287.68,102.16,N
9.65369,-63.62292,330.51,4.08,1.87,2022-01-22,312,Terra,MODIS,100,6.1NRT,288.84,227.93,N
8.89837,-69.89746,304.01,1.32,1.14,2022-01-22,312,Terra,MODIS,58,6.1NRT,293.03,7.67,N
9.51531,-67.42395,302.94,2.04,1.39,2022-01-22,312,Terra,MODIS,52,6.1NRT,291.76,11.7,N
9.6495,-63.66004,303.38,4.05,1.87,2022-01-22,312,Terra,MODIS,43,6.1NRT,287.91,40.59,N
20.48329,-77.029,304.13,1.03,1.02,2022-01-22,314,Terra,MODIS,59,6.1NRT,292.68,5.26,N
18.14867,-71.51941,309.98,1.38,1.16,2022-01-22,314,Terra,MODIS,79,6.1NRT,288.12,18.42,N
21.28529,-77.77483,302.99,1.07,1.03,2022-01-22,314,Terra,MODIS,46,6.1NRT,291.25,6.09,N
20.81761,-77.98534,302.65,1.1,1.05,2022-01-22,314,Terra,MODIS,50,6.1NRT,291.07,6.08,N
18.13675,-71.53046,319.63,1.38,1.16,2022-01-22,314,Terra,MODIS,89,6.1NRT,287.92,28.31,N
20.48475,-77.01924,323.5,1.03,1.02,2022-01-22,314,Terra,MODIS,100,6.1NRT,293.15,21.87,N
18.15576,-71.54752,312.36,1.37,1.16,2022-01-22,314,Terra,MODIS,48,6.1NRT,287.05,19.73,N
18.1573,-71.53507,310.4,1.38,1.16,2022-01-22,314,Terra,MODIS,32,6.1NRT,286.41,17.3,N
18.14705,-71.53261,305.91,1.38,1.16,2022-01-22,314,Terra,MODIS,55,6.1NRT,287.27,13.09,N
-33.941,150.85831,314.58,1.47,1.2,2022-01-22,334,Aqua,MODIS,37,6.1NRT,296.71,13.34,D
-34.46244,150.87367,320.4,1.49,1.21,2022-01-22,334,Aqua,MODIS,56,6.1NRT,303.36,15.65,D
-26.41874,153.04317,316.51,1.01,1.01,2022-01-22,336,Aqua,MODIS,28,6.1NRT,302,7.16,D
-28.83732,151.80728,318.46,1.15,1.07,2022-01-22,336,Aqua,MODIS,74,6.1NRT,294.07,14.16,D
27.07116,103.94316,305.04,1.06,1.03,2022-01-22,349,Terra,MODIS,58,6.1NRT,288.53,5.91,D
27.07285,103.93256,303.26,1.06,1.03,2022-01-22,349,Terra,MODIS,50,6.1NRT,287.85,4.69,D
27.09862,103.94772,308.52,1.06,1.03,2022-01-22,349,Terra,MODIS,65,6.1NRT,285.12,8.18,D
27.10029,103.93719,305.67,1.06,1.03,2022-01-22,349,Terra,MODIS,37,6.1NRT,285.97,6.13,D
27.05083,104.42394,300.97,1.1,1.05,2022-01-22,349,Terra,MODIS,43,6.1NRT,286.5,5.08,D
27.48479,101.6797,310.53,1.01,1.01,2022-01-22,349,Terra,MODIS,35,6.1NRT,288.98,10.31,D
27.16806,103.864,304.62,1.05,1.03,2022-01-22,349,Terra,MODIS,59,6.1NRT,285.73,7.15,D
27.17626,103.98157,308.15,1.06,1.03,2022-01-22,349,Terra,MODIS,67,6.1NRT,288.74,8.27,D
26.96626,105.49782,303.02,1.24,1.11,2022-01-22,349,Terra,MODIS,54,6.1NRT,290.49,6.34,D
27.22113,104.05457,306.06,1.07,1.03,2022-01-22,349,Terra,MODIS,51,6.1NRT,286.46,7.37,D
27.25536,103.94778,305.56,1.06,1.03,2022-01-22,349,Terra,MODIS,57,6.1NRT,288.04,7.5,D
27.30499,103.87118,304.73,1.05,1.02,2022-01-22,349,Terra,MODIS,56,6.1NRT,287.73,6.09,D
27.27953,104.48863,306.01,1.1,1.05,2022-01-22,349,Terra,MODIS,63,6.1NRT,285.98,8.99,D
27.28131,104.47776,300.56,1.1,1.05,2022-01-22,349,Terra,MODIS,35,6.1NRT,285.42,5.08,D
27.74064,102.21133,303.67,1,1,2022-01-22,349,Terra,MODIS,57,6.1NRT,290.75,3.92,D
28.22855,102.02103,302.3,1.01,1,2022-01-22,349,Terra,MODIS,52,6.1NRT,284.19,6.34,D
28.23054,102.13506,304.34,1,1,2022-01-22,349,Terra,MODIS,48,6.1NRT,287.65,5.04,D
28.43369,102.19435,353.24,1,1,2022-01-22,349,Terra,MODIS,97,6.1NRT,289.99,70.11,D
28.43518,102.1841,353.88,1,1,2022-01-22,349,Terra,MODIS,97,6.1NRT,289.99,71.6,D
26.57397,101.67297,318.08,1.01,1,2022-01-22,349,Terra,MODIS,59,6.1NRT,293.05,14.62,D
26.57541,101.66296,323.17,1.01,1,2022-01-22,349,Terra,MODIS,73,6.1NRT,292.78,19.82,D
26.59114,101.87582,305.97,1,1,2022-01-22,349,Terra,MODIS,62,6.1NRT,293.36,4.5,D
26.7091,101.10767,304.23,1.03,1.01,2022-01-22,349,Terra,MODIS,55,6.1NRT,288.69,6.07,D
26.88313,101.6395,307.33,1.01,1,2022-01-22,349,Terra,MODIS,62,6.1NRT,293.51,8.26,D
26.87222,102.0963,302.13,1,1,2022-01-22,349,Terra,MODIS,46,6.1NRT,288.73,3.97,D
26.7026,104.05252,302.54,1.08,1.04,2022-01-22,349,Terra,MODIS,53,6.1NRT,288.57,6.49,D
26.75432,104.08424,304.09,1.08,1.04,2022-01-22,349,Terra,MODIS,58,6.1NRT,286.5,7,D
26.97879,103.77337,306.14,1.05,1.02,2022-01-22,349,Terra,MODIS,60,6.1NRT,290.92,5.95,D
26.97169,103.87815,309.41,1.06,1.03,2022-01-22,349,Terra,MODIS,69,6.1NRT,287.72,8.95,D
26.98079,103.87994,306.54,1.06,1.03,2022-01-22,349,Terra,MODIS,36,6.1NRT,287.47,6.45,D
26.99653,103.88972,310.43,1.06,1.03,2022-01-22,349,Terra,MODIS,32,6.1NRT,288.55,8.95,D
26.90093,104.83608,305.96,1.15,1.07,2022-01-22,349,Terra,MODIS,63,6.1NRT,287.17,8.4,D
26.90278,104.82478,312,1.15,1.07,2022-01-22,349,Terra,MODIS,72,6.1NRT,286.66,13.64,D
25.35772,105.57707,309.75,1.32,1.14,2022-01-22,351,Terra,MODIS,69,6.1NRT,287.43,14.45,D
25.69608,103.86748,300.08,1.09,1.04,2022-01-22,351,Terra,MODIS,26,6.1NRT,286.31,4.63,D
25.55525,104.95915,304.45,1.22,1.1,2022-01-22,351,Terra,MODIS,59,6.1NRT,287.68,8.21,D
25.56101,104.98473,302.58,1.22,1.1,2022-01-22,351,Terra,MODIS,31,6.1NRT,287.28,6.32,D
26.28248,101.77686,301.58,1,1,2022-01-22,351,Terra,MODIS,36,6.1NRT,289.83,4.76,D
25.78798,105.46912,307.65,1.28,1.12,2022-01-22,351,Terra,MODIS,66,6.1NRT,290.88,10.14,D
24.14886,103.3146,300.05,1.07,1.03,2022-01-22,351,Terra,MODIS,23,6.1NRT,285.68,3.81,D
23.84641,103.77296,302.85,1.12,1.06,2022-01-22,351,Terra,MODIS,45,6.1NRT,289.85,5.74,D
20.96203,97.01699,320.1,1.36,1.16,2022-01-22,351,Terra,MODIS,77,6.1NRT,297.29,20.52,D
26.49441,101.78143,302.11,1,1,2022-01-22,351,Terra,MODIS,51,6.1NRT,290.58,2.82,D
26.4833,101.92155,305.25,1,1,2022-01-22,351,Terra,MODIS,59,6.1NRT,292.92,4.41,D
26.48474,101.91165,303.02,1,1,2022-01-22,351,Terra,MODIS,41,6.1NRT,291.44,2.73,D
25.33025,104.94513,305.96,1.22,1.1,2022-01-22,351,Terra,MODIS,48,6.1NRT,288.97,8.48,D
25.3311,104.95166,302.04,1.22,1.1,2022-01-22,351,Terra,MODIS,32,6.1NRT,288.84,5.54,D
25.33312,104.9398,307.87,1.22,1.1,2022-01-22,351,Terra,MODIS,66,6.1NRT,289.24,10.06,D
12.75844,106.87511,313.43,2.83,1.61,2022-01-22,353,Terra,MODIS,43,6.1NRT,293.49,28.98,D
12.73577,106.31712,317.96,2.56,1.54,2022-01-22,353,Terra,MODIS,71,6.1NRT,293.29,29.76,D
12.72967,106.30932,316.52,2.56,1.54,2022-01-22,353,Terra,MODIS,39,6.1NRT,294.11,21.52,D
12.72575,106.33247,319.86,2.57,1.54,2022-01-22,353,Terra,MODIS,70,6.1NRT,294.11,35.29,D
12.78643,105.73209,316.7,2.3,1.47,2022-01-22,353,Terra,MODIS,70,6.1NRT,293.19,34.93,D
13.56799,100.77487,315.31,1.07,1.03,2022-01-22,353,Terra,MODIS,38,6.1NRT,295.76,6.08,D
13.13969,100.80725,312.13,1.08,1.04,2022-01-22,353,Terra,MODIS,53,6.1NRT,296.12,7.74,D
13.13819,100.81712,312.99,1.08,1.04,2022-01-22,353,Terra,MODIS,56,6.1NRT,296.36,8.49,D
12.07651,106.65141,312.47,2.8,1.6,2022-01-22,353,Terra,MODIS,59,6.1NRT,293.31,23.63,D
34.70366,137.78047,307.42,1.08,1.04,2022-01-22,353,Aqua,MODIS,65,6.1NRT,287.92,7.98,D
35.35332,139.87886,300.89,1,1,2022-01-22,353,Aqua,MODIS,32,6.1NRT,287.45,4.16,D
35.35178,139.868,309.02,1,1,2022-01-22,353,Aqua,MODIS,0,6.1NRT,288.94,9.14,D
35.29283,138.83136,319.07,1.01,1.01,2022-01-22,353,Aqua,MODIS,79,6.1NRT,280.73,19.56,D
35.29119,138.82051,322.09,1.01,1.01,2022-01-22,353,Aqua,MODIS,81,6.1NRT,280.95,22.77,D
35.02931,136.87485,306.97,1.15,1.07,2022-01-22,353,Aqua,MODIS,49,6.1NRT,288.13,9.28,D
35.10982,136.77766,300.16,1.16,1.07,2022-01-22,353,Aqua,MODIS,23,6.1NRT,284.27,5.06,D
35.93368,140.67958,309.76,1.03,1.01,2022-01-22,353,Aqua,MODIS,0,6.1NRT,288.07,10.09,D
10.83577,107.97387,317.5,3.75,1.81,2022-01-22,353,Terra,MODIS,67,6.1NRT,297.41,56.71,D
10.8438,107.98103,317.76,3.75,1.81,2022-01-22,353,Terra,MODIS,48,6.1NRT,297.99,48.89,D
12.33482,103.09074,313.08,1.49,1.21,2022-01-22,353,Terra,MODIS,31,6.1NRT,292.93,10.15,D
11.9853,105.73248,313.26,2.39,1.49,2022-01-22,353,Terra,MODIS,59,6.1NRT,295.4,17,D
11.98104,105.73722,313.5,2.39,1.49,2022-01-22,353,Terra,MODIS,60,6.1NRT,295.14,17.36,D
12.77708,106.85258,317.13,2.82,1.6,2022-01-22,353,Terra,MODIS,70,6.1NRT,293.45,44.18,D
13.71992,101.45597,322.14,1.14,1.06,2022-01-22,353,Terra,MODIS,76,6.1NRT,298.31,12.84,D
12.53724,108.80464,307.72,4.03,1.86,2022-01-22,353,Terra,MODIS,31,6.1NRT,291.73,47.84,D
12.98355,106.83194,309.83,2.78,1.59,2022-01-22,353,Terra,MODIS,46,6.1NRT,292.51,15.84,D
12.97564,107.12216,312.53,2.93,1.63,2022-01-22,353,Terra,MODIS,40,6.1NRT,295.27,20.39,D
13.41475,104.91744,316.7,1.94,1.36,2022-01-22,353,Terra,MODIS,66,6.1NRT,293.32,22.06,D
13.03006,107.33194,311.54,3.03,1.66,2022-01-22,353,Terra,MODIS,37,6.1NRT,294.99,26.32,D
13.4716,104.80238,313.97,1.9,1.35,2022-01-22,353,Terra,MODIS,59,6.1NRT,295.22,14.19,D
13.92315,103.49035,317.07,1.49,1.21,2022-01-22,353,Terra,MODIS,56,6.1NRT,296.51,10.55,D
13.73493,105.25232,317.02,2.03,1.39,2022-01-22,353,Terra,MODIS,53,6.1NRT,297.49,12.92,D
13.68294,106.24837,318.88,2.43,1.5,2022-01-22,353,Terra,MODIS,68,6.1NRT,295.37,33.8,D
13.68923,106.65392,327.56,2.61,1.55,2022-01-22,353,Terra,MODIS,81,6.1NRT,296.92,79.73,D
13.70298,106.65643,311.75,2.61,1.55,2022-01-22,353,Terra,MODIS,43,6.1NRT,294.77,20.51,D
15.21289,103.84004,324.87,1.5,1.21,2022-01-22,353,Terra,MODIS,78,6.1NRT,298.65,23.28,D
15.21516,103.82631,323.73,1.5,1.21,2022-01-22,353,Terra,MODIS,77,6.1NRT,298.29,20.67,D
14.71589,106.8168,316.84,2.56,1.54,2022-01-22,353,Terra,MODIS,45,6.1NRT,297.3,27.26,D
14.7226,106.82353,317.86,2.56,1.54,2022-01-22,353,Terra,MODIS,51,6.1NRT,297.15,26.06,D
15.74642,104.44808,315.22,1.62,1.25,2022-01-22,353,Terra,MODIS,59,6.1NRT,297.41,12.05,D
18.3817,94.9853,307.56,1.72,1.29,2022-01-22,353,Terra,MODIS,52,6.1NRT,297.05,9.81,D
18.5267,95.02509,310.33,1.72,1.29,2022-01-22,353,Terra,MODIS,43,6.1NRT,299.15,9.57,D
18.60363,99.25678,309.4,1.03,1.01,2022-01-22,353,Terra,MODIS,48,6.1NRT,296.26,4.89,D
19.19829,96.55962,306.76,1.38,1.16,2022-01-22,353,Terra,MODIS,55,6.1NRT,291.31,9.24,D
19.28801,96.26837,312.82,1.44,1.19,2022-01-22,353,Terra,MODIS,59,6.1NRT,298.67,10.09,D
12.76287,106.84998,327.56,2.82,1.6,2022-01-22,353,Terra,MODIS,82,6.1NRT,294.05,90.64,D
36.19078,139.60788,300.05,1,1,2022-01-22,353,Aqua,MODIS,21,6.1NRT,285.17,3.71,D
5.85928,100.5409,316.99,1.26,1.12,2022-01-22,357,Terra,MODIS,72,6.1NRT,299.24,9.6,D
5.64357,100.61261,313.95,1.29,1.13,2022-01-22,357,Terra,MODIS,67,6.1NRT,298.01,8.39,D
5.54265,100.40038,316.06,1.25,1.11,2022-01-22,357,Terra,MODIS,37,6.1NRT,295.01,7.51,D
5.54098,100.41155,319.79,1.25,1.11,2022-01-22,357,Terra,MODIS,53,6.1NRT,297.63,11.21,D
5.2199,100.43776,318.15,1.27,1.12,2022-01-22,357,Terra,MODIS,30,6.1NRT,300.12,8.9,D
7.86143,99.12486,312.71,1.04,1.02,2022-01-22,357,Terra,MODIS,57,6.1NRT,296.28,7.55,D
5.10691,95.46621,309.31,1.1,1.04,2022-01-22,357,Terra,MODIS,62,6.1NRT,294.94,5.34,D
-3.59521,-38.85635,303.23,2.19,1.44,2022-01-22,433,Aqua,MODIS,54,6.1NRT,292.9,11,N
-4.0231,-47.01466,303.25,1.08,1.04,2022-01-22,436,Aqua,MODIS,54,6.1NRT,290.35,5.52,N
-13.25413,-45.05656,320.42,1.13,1.06,2022-01-22,438,Aqua,MODIS,87,6.1NRT,291.79,20.24,N
-13.25556,-45.04621,342.51,1.13,1.06,2022-01-22,438,Aqua,MODIS,100,6.1NRT,293.45,55.7,N
-13.25933,-45.08897,318.92,1.13,1.06,2022-01-22,438,Aqua,MODIS,98,6.1NRT,291.92,19.74,N
-13.26077,-45.07864,323.39,1.13,1.06,2022-01-22,438,Aqua,MODIS,100,6.1NRT,292.29,24.98,N
-13.26221,-45.06829,304.78,1.13,1.06,2022-01-22,438,Aqua,MODIS,40,6.1NRT,291.65,6.85,N
-13.26884,-45.09039,309.38,1.13,1.06,2022-01-22,438,Aqua,MODIS,77,6.1NRT,291.25,11.13,N
-9.967,-49.82299,311.96,1.29,1.13,2022-01-22,438,Aqua,MODIS,84,6.1NRT,293.41,13.38,N
-9.96884,-49.81131,308.68,1.29,1.13,2022-01-22,438,Aqua,MODIS,75,6.1NRT,293.45,10.03,N
-10.97999,-48.70773,318.21,1.1,1.05,2022-01-22,438,Aqua,MODIS,96,6.1NRT,291.85,17.52,N
-13.23794,-45.03303,311.25,1.13,1.06,2022-01-22,438,Aqua,MODIS,82,6.1NRT,291.65,11.95,N
-13.2408,-45.01221,315.79,1.14,1.06,2022-01-22,438,Aqua,MODIS,92,6.1NRT,291.31,16.8,N
-13.2446,-45.0552,330.8,1.13,1.06,2022-01-22,438,Aqua,MODIS,100,6.1NRT,292.09,34.4,N
-13.24603,-45.04484,360.6,1.13,1.06,2022-01-22,438,Aqua,MODIS,100,6.1NRT,295.14,103.72,N
-13.24747,-45.03445,344.42,1.13,1.06,2022-01-22,438,Aqua,MODIS,100,6.1NRT,294.26,60.36,N
-13.27028,-45.08004,324.55,1.13,1.06,2022-01-22,438,Aqua,MODIS,100,6.1NRT,292.12,26.83,N
-23.63328,-49.30613,317.82,1,1,2022-01-22,440,Aqua,MODIS,96,6.1NRT,291.14,15.85,N
-21.66316,-48.49926,309.05,1.01,1.01,2022-01-22,440,Aqua,MODIS,76,6.1NRT,291.53,8.56,N
-22.90235,-43.73832,304.02,1.81,1.32,2022-01-22,440,Aqua,MODIS,58,6.1NRT,293.91,10.64,N
-21.65868,-47.34935,312.48,1.08,1.04,2022-01-22,440,Aqua,MODIS,85,6.1NRT,291.26,12.7,N
-21.00857,-53.33601,306.08,1.45,1.19,2022-01-22,440,Aqua,MODIS,67,6.1NRT,291.78,10.22,N
-20.87905,-48.38745,308.34,1.01,1,2022-01-22,440,Aqua,MODIS,74,6.1NRT,292.26,8.08,N
-20.38981,-49.02816,305.14,1,1,2022-01-22,440,Aqua,MODIS,63,6.1NRT,292.31,5.58,N
-17.07513,-50.52031,302.41,1.14,1.07,2022-01-22,440,Aqua,MODIS,49,6.1NRT,290.21,6.15,N
-16.6674,-50.57967,303.63,1.16,1.07,2022-01-22,440,Aqua,MODIS,56,6.1NRT,290.68,6.59,N
-16.66568,-50.59045,328.21,1.17,1.07,2022-01-22,440,Aqua,MODIS,100,6.1NRT,291.94,33.48,N
-21.18191,-54.58473,307.87,1.75,1.3,2022-01-22,440,Aqua,MODIS,73,6.1NRT,291.42,17.6,N
-23.14009,-55.73732,306.2,1.92,1.35,2022-01-22,440,Aqua,MODIS,67,6.1NRT,292.39,15.71,N
-25.72297,-57.23357,304.8,2.15,1.43,2022-01-22,442,Aqua,MODIS,57,6.1NRT,293.07,10.66,N
-25.57642,-58.7144,305.97,2.75,1.59,2022-01-22,442,Aqua,MODIS,57,6.1NRT,292.65,16.74,N
-26.04228,-58.15352,305.69,2.46,1.51,2022-01-22,442,Aqua,MODIS,56,6.1NRT,293.32,13.32,N
-26.54869,-55.77655,303.49,1.65,1.26,2022-01-22,442,Aqua,MODIS,50,6.1NRT,293.27,7.04,N
-27.32783,-56.61665,303.21,1.81,1.32,2022-01-22,442,Aqua,MODIS,38,6.1NRT,293.18,8.26,N
-27.49014,-57.27093,305.95,1.98,1.37,2022-01-22,442,Aqua,MODIS,56,6.1NRT,293.78,11.75,N
-27.49404,-57.2511,313.98,1.98,1.37,2022-01-22,442,Aqua,MODIS,86,6.1NRT,294.15,26.91,N
-27.5934,-57.15786,313.13,1.94,1.36,2022-01-22,442,Aqua,MODIS,84,6.1NRT,293.98,26.91,N
-27.59722,-57.13847,316.96,1.93,1.36,2022-01-22,442,Aqua,MODIS,93,6.1NRT,295.06,35.1,N
-27.60553,-57.16085,320.37,1.94,1.36,2022-01-22,442,Aqua,MODIS,100,6.1NRT,294.51,43.77,N
-27.60933,-57.14146,326.72,1.93,1.36,2022-01-22,442,Aqua,MODIS,100,6.1NRT,295.71,61.34,N
-28.18132,-55.08253,306.66,1.39,1.17,2022-01-22,442,Aqua,MODIS,69,6.1NRT,293.83,7.53,N
-28.19177,-55.08495,306.23,1.39,1.17,2022-01-22,442,Aqua,MODIS,67,6.1NRT,293.63,7.12,N
-27.91843,-56.97874,305.83,1.86,1.33,2022-01-22,442,Aqua,MODIS,63,6.1NRT,293.26,14.08,N
-28.11007,-58.9995,310.4,2.52,1.53,2022-01-22,442,Aqua,MODIS,77,6.1NRT,294.07,26.33,N
-28.5445,-57.04118,309.7,1.82,1.32,2022-01-22,442,Aqua,MODIS,75,6.1NRT,293.83,17.17,N
-28.85756,-56.75668,311,1.72,1.29,2022-01-22,442,Aqua,MODIS,79,6.1NRT,294.58,17.29,N
-28.86357,-56.76513,315.86,1.72,1.29,2022-01-22,442,Aqua,MODIS,91,6.1NRT,295.41,24.93,N
-28.86693,-56.74778,307.8,1.71,1.28,2022-01-22,442,Aqua,MODIS,61,6.1NRT,294.9,11.73,N
-28.87506,-56.76794,312.95,1.72,1.29,2022-01-22,442,Aqua,MODIS,85,6.1NRT,295.82,19.19,N
-28.87841,-56.75056,307.45,1.71,1.28,2022-01-22,442,Aqua,MODIS,39,6.1NRT,295.56,10.61,N
-24.10609,-57.71762,307.55,2.53,1.53,2022-01-22,442,Aqua,MODIS,72,6.1NRT,292.4,24.01,N
-24.11276,-57.72426,308.12,2.53,1.53,2022-01-22,442,Aqua,MODIS,74,6.1NRT,292.67,23.73,N
-24.58739,-57.29237,304.39,2.3,1.47,2022-01-22,442,Aqua,MODIS,59,6.1NRT,292.24,13.74,N
-24.58431,-57.2964,302.59,2.3,1.47,2022-01-22,442,Aqua,MODIS,50,6.1NRT,292.14,11.14,N
-24.94073,-56.49589,304.07,1.99,1.38,2022-01-22,442,Aqua,MODIS,58,6.1NRT,293.67,12.02,N
-24.93003,-60.20972,307.23,3.62,1.78,2022-01-22,442,Aqua,MODIS,63,6.1NRT,291.91,28.78,N
-24.94585,-60.21395,307.19,3.62,1.78,2022-01-22,442,Aqua,MODIS,63,6.1NRT,291.86,28.39,N
-25.57293,-58.70858,307.35,2.75,1.59,2022-01-22,442,Aqua,MODIS,66,6.1NRT,292.79,20.72,N
-0.05202,-91.28455,328.53,1.68,1.27,2022-01-22,446,Terra,MODIS,75,6.1NRT,279,58.16,N
14.03008,-90.99328,305.77,2.94,1.63,2022-01-22,453,Terra,MODIS,66,6.1NRT,292.32,32.33,N
14.73533,-91.57413,318.46,2.73,1.58,2022-01-22,453,Terra,MODIS,97,6.1NRT,287.09,80.57,N
14.73939,-91.58145,316.32,2.73,1.58,2022-01-22,453,Terra,MODIS,93,6.1NRT,285.88,71.78,N
16.18204,-92.32017,318.19,2.5,1.52,2022-01-22,453,Terra,MODIS,96,6.1NRT,286.56,67.59,N
16.17951,-92.34322,315.46,2.49,1.52,2022-01-22,453,Terra,MODIS,91,6.1NRT,286.74,57.68,N
16.24473,-92.44951,310.63,2.45,1.51,2022-01-22,453,Terra,MODIS,80,6.1NRT,286.5,43.33,N
16.24226,-92.4721,308.82,2.44,1.51,2022-01-22,453,Terra,MODIS,76,6.1NRT,286.43,38.51,N
16.20506,-95.17225,304.29,1.53,1.22,2022-01-22,453,Terra,MODIS,59,6.1NRT,292.78,9.98,N
16.45408,-96.76905,302.53,1.22,1.1,2022-01-22,453,Terra,MODIS,50,6.1NRT,287.1,8.87,N
14.02941,-90.98763,310.18,2.94,1.63,2022-01-22,453,Terra,MODIS,79,6.1NRT,292.24,44.38,N
26.88418,-101.45903,306.73,1.01,1,2022-01-22,455,Terra,MODIS,69,6.1NRT,277.02,12.26,N
30.5009,-109.62785,311.93,1.93,1.36,2022-01-22,457,Terra,MODIS,84,6.1NRT,276.38,40.92,N
-31.9843,120.42915,328.24,3.28,1.71,2022-01-22,514,Aqua,MODIS,45,6.1NRT,315.92,49.2,D
-31.97982,120.43591,331.25,3.28,1.71,2022-01-22,514,Aqua,MODIS,55,6.1NRT,315.69,64.72,D
-31.98192,120.46403,331.99,3.26,1.71,2022-01-22,514,Aqua,MODIS,66,6.1NRT,315.92,75.46,D
-22.97811,125.51126,340.54,1.18,1.08,2022-01-22,516,Aqua,MODIS,40,6.1NRT,317.02,20.2,D
-2.5859,121.37825,346.92,1.16,1.07,2022-01-22,522,Aqua,MODIS,94,6.1NRT,288.73,62.39,D
-2.57629,121.37707,318.71,1.16,1.07,2022-01-22,522,Aqua,MODIS,76,6.1NRT,290.14,13.98,D
-2.00669,121.434,318.64,1.13,1.06,2022-01-22,522,Aqua,MODIS,76,6.1NRT,298.19,12.07,D
-2.65387,120.61291,306.52,1.28,1.12,2022-01-22,522,Aqua,MODIS,57,6.1NRT,279.4,5.47,D
-2.58736,121.36803,332.23,1.16,1.07,2022-01-22,522,Aqua,MODIS,87,6.1NRT,287.4,32.22,D
-0.42479,116.98146,312.11,2.19,1.43,2022-01-22,525,Aqua,MODIS,28,6.1NRT,292.42,19.92,D
4.57651,114.21871,308.73,2.97,1.64,2022-01-22,525,Aqua,MODIS,0,6.1NRT,289.85,22.64,D
4.57753,114.21149,309.13,2.97,1.64,2022-01-22,525,Aqua,MODIS,51,6.1NRT,290.05,22.93,D
1.04247,120.81886,313.96,1.13,1.06,2022-01-22,525,Aqua,MODIS,32,6.1NRT,294.99,8.69,D
-0.42609,116.97671,312.99,2.19,1.43,2022-01-22,525,Aqua,MODIS,14,6.1NRT,293.38,19.85,D
14.47787,120.89824,317.38,1.02,1.01,2022-01-22,527,Aqua,MODIS,17,6.1NRT,302.14,9.6,D
14.83581,120.11532,328.1,1,1,2022-01-22,527,Aqua,MODIS,61,6.1NRT,302.36,16.47,D
15.39102,120.65156,367.02,1.02,1.01,2022-01-22,527,Aqua,MODIS,100,6.1NRT,301.2,96.74,D
15.02108,120.18728,320.85,1,1,2022-01-22,527,Aqua,MODIS,38,6.1NRT,298.9,9.04,D
15.05285,120.15422,335.38,1,1,2022-01-22,527,Aqua,MODIS,86,6.1NRT,300.48,25.94,D
15.28916,121.04922,313.89,1.04,1.02,2022-01-22,527,Aqua,MODIS,36,6.1NRT,291.84,6.46,D
15.19197,120.15807,310.35,1,1,2022-01-22,527,Aqua,MODIS,19,6.1NRT,289.47,5.72,D
15.19065,120.14881,314.1,1,1,2022-01-22,527,Aqua,MODIS,46,6.1NRT,292.49,8.97,D
15.27143,120.59048,323.06,1.01,1.01,2022-01-22,527,Aqua,MODIS,68,6.1NRT,298.54,9.56,D
15.22688,120.27522,327.79,1,1,2022-01-22,527,Aqua,MODIS,74,6.1NRT,297.19,18.72,D
37.04731,80.3545,300.1,1,1,2022-01-22,527,Terra,MODIS,27,6.1NRT,279.15,4.45,D
10.94625,122.22894,317.77,1.05,1.02,2022-01-22,527,Aqua,MODIS,56,6.1NRT,300.76,8,D
11.07157,122.20528,319.82,1.05,1.02,2022-01-22,527,Aqua,MODIS,73,6.1NRT,301.04,8.86,D
11.03098,122.24923,321.73,1.06,1.03,2022-01-22,527,Aqua,MODIS,76,6.1NRT,298.55,14.85,D
12.52345,120.94318,310.57,1.01,1,2022-01-22,527,Aqua,MODIS,9,6.1NRT,287.35,3.56,D
12.69555,121.18191,322.3,1.01,1.01,2022-01-22,527,Aqua,MODIS,75,6.1NRT,299.77,10.63,D
12.90122,121.01159,314.75,1.01,1,2022-01-22,527,Aqua,MODIS,51,6.1NRT,296.42,6.6,D
13.13107,120.80867,319.2,1.01,1,2022-01-22,527,Aqua,MODIS,44,6.1NRT,301.78,6.92,D
20.9696,85.16808,307.58,3.23,1.7,2022-01-22,529,Terra,MODIS,55,6.1NRT,296.95,23.34,D
22.974,78.85774,308.45,1.13,1.06,2022-01-22,529,Terra,MODIS,52,6.1NRT,289.24,5.73,D
22.97573,78.84696,313.34,1.12,1.06,2022-01-22,529,Terra,MODIS,70,6.1NRT,289.94,9.9,D
24.27189,80.21518,300.95,1.26,1.12,2022-01-22,529,Terra,MODIS,26,6.1NRT,287.99,3.49,D
21.20636,79.79482,312.43,1.33,1.14,2022-01-22,531,Terra,MODIS,64,6.1NRT,297.36,11.41,D
18.83017,76.53602,320.92,1.02,1.01,2022-01-22,531,Terra,MODIS,70,6.1NRT,302.4,9.53,D
18.82873,76.54559,315.48,1.02,1.01,2022-01-22,531,Terra,MODIS,28,6.1NRT,302.63,4.22,D
14.44722,76.78117,316.77,1.12,1.06,2022-01-22,531,Terra,MODIS,60,6.1NRT,304.18,5.78,D
14.99906,75.82527,313.83,1.03,1.01,2022-01-22,531,Terra,MODIS,44,6.1NRT,302.7,5.87,D
14.98493,75.97848,315.31,1.04,1.02,2022-01-22,531,Terra,MODIS,56,6.1NRT,303.2,5.81,D
15.00829,76.85685,320.28,1.12,1.05,2022-01-22,531,Terra,MODIS,68,6.1NRT,307.74,7.79,D
15.15757,77.08484,321.4,1.14,1.06,2022-01-22,531,Terra,MODIS,62,6.1NRT,305.81,11.01,D
15.16866,77.07597,326.73,1.14,1.06,2022-01-22,531,Terra,MODIS,73,6.1NRT,304.56,17.58,D
15.58628,76.75942,320.01,1.09,1.04,2022-01-22,531,Terra,MODIS,68,6.1NRT,300.56,13.19,D
15.83607,75.71792,317.28,1.02,1.01,2022-01-22,531,Terra,MODIS,60,6.1NRT,304.5,6.92,D
15.71086,77.14881,313.48,1.13,1.06,2022-01-22,531,Terra,MODIS,44,6.1NRT,302.42,6.56,D
19.33782,72.0176,311.36,1.35,1.15,2022-01-22,531,Terra,MODIS,48,6.1NRT,293.85,11.67,D
17.54421,80.70496,313.24,1.77,1.3,2022-01-22,531,Terra,MODIS,62,6.1NRT,297.84,16.33,D
18.63391,73.67153,317.52,1.09,1.04,2022-01-22,531,Terra,MODIS,66,6.1NRT,297.98,10.96,D
18.32083,75.68594,322.86,1,1,2022-01-22,531,Terra,MODIS,74,6.1NRT,303.04,12.66,D
18.31945,75.69527,323.59,1,1,2022-01-22,531,Terra,MODIS,75,6.1NRT,302.92,13.27,D
17.45887,80.94109,315.58,1.85,1.33,2022-01-22,531,Terra,MODIS,68,6.1NRT,298.03,22.56,D
17.94611,77.82504,316.99,1.15,1.07,2022-01-22,531,Terra,MODIS,61,6.1NRT,304.31,6.94,D
17.86263,78.01607,317.41,1.18,1.08,2022-01-22,531,Terra,MODIS,64,6.1NRT,304.2,7.23,D
18.23662,75.13172,316.54,1,1,2022-01-22,531,Terra,MODIS,60,6.1NRT,300.88,8.29,D
18.14655,75.36912,328.21,1,1,2022-01-22,531,Terra,MODIS,80,6.1NRT,302.41,19.29,D
18.14519,75.37844,319.3,1,1,2022-01-22,531,Terra,MODIS,68,6.1NRT,301.53,9.71,D
17.66458,77.79139,324.81,1.16,1.07,2022-01-22,531,Terra,MODIS,75,6.1NRT,303.83,15.6,D
18.1439,74.55589,316.97,1.02,1.01,2022-01-22,531,Terra,MODIS,66,6.1NRT,301.61,8.47,D
17.65827,77.55556,316.42,1.13,1.06,2022-01-22,531,Terra,MODIS,55,6.1NRT,304.92,6.63,D
17.49185,78.2887,313.12,1.23,1.1,2022-01-22,531,Terra,MODIS,43,6.1NRT,300.73,6.79,D
17.53939,77.07229,319.19,1.08,1.04,2022-01-22,531,Terra,MODIS,62,6.1NRT,306.08,7.46,D
17.53785,77.08228,322.74,1.08,1.04,2022-01-22,531,Terra,MODIS,70,6.1NRT,306.58,11.42,D
17.64901,75.17793,322.94,1,1,2022-01-22,531,Terra,MODIS,72,6.1NRT,303.1,12.76,D
17.23069,77.86391,323.16,1.18,1.08,2022-01-22,531,Terra,MODIS,72,6.1NRT,305.1,14.39,D
17.28894,76.71844,317.72,1.06,1.03,2022-01-22,531,Terra,MODIS,40,6.1NRT,306.07,5.93,D
17.54961,73.87592,315.92,1.05,1.02,2022-01-22,531,Terra,MODIS,63,6.1NRT,300.34,11.06,D
17.16265,76.33878,323.78,1.03,1.02,2022-01-22,531,Terra,MODIS,70,6.1NRT,304.74,13.35,D
17.01954,75.00874,314.27,1,1,2022-01-22,531,Terra,MODIS,49,6.1NRT,303.05,4.72,D
16.52062,77.09522,317.16,1.11,1.05,2022-01-22,531,Terra,MODIS,50,6.1NRT,304.43,8.57,D
16.89493,74.40539,312.28,1.01,1.01,2022-01-22,531,Terra,MODIS,45,6.1NRT,298.23,5.26,D
16.47573,73.66131,324.19,1.05,1.02,2022-01-22,531,Terra,MODIS,77,6.1NRT,298.17,16.99,D
16.35771,73.64745,319.22,1.05,1.02,2022-01-22,531,Terra,MODIS,70,6.1NRT,297.75,12.05,D
16.35636,73.65716,328.08,1.05,1.02,2022-01-22,531,Terra,MODIS,81,6.1NRT,295.27,22.49,D
16.10272,75.41623,318.19,1,1,2022-01-22,531,Terra,MODIS,60,6.1NRT,304.41,6.05,D
22.07828,75.11105,312.65,1.04,1.02,2022-01-22,531,Terra,MODIS,65,6.1NRT,296.85,7.17,D
21.46021,76.71159,311.12,1.01,1,2022-01-22,531,Terra,MODIS,56,6.1NRT,297.68,4.68,D
21.85864,73.33056,316.92,1.22,1.1,2022-01-22,531,Terra,MODIS,72,6.1NRT,291.17,14.89,D
20.82365,77.91495,316.98,1.09,1.04,2022-01-22,531,Terra,MODIS,67,6.1NRT,302.49,7.6,D
19.40699,77.11234,312.08,1.05,1.02,2022-01-22,531,Terra,MODIS,50,6.1NRT,299.56,5.02,D
19.43821,75.41953,316.9,1,1,2022-01-22,531,Terra,MODIS,66,6.1NRT,299.75,9.44,D
19.43685,75.42896,314.22,1,1,2022-01-22,531,Terra,MODIS,59,6.1NRT,298.76,7.19,D
19.06446,76.26549,317.41,1.01,1,2022-01-22,531,Terra,MODIS,63,6.1NRT,302.42,7.85,D
18.83918,76.53751,318.69,1.02,1.01,2022-01-22,531,Terra,MODIS,59,6.1NRT,302.29,7.56,D
13.98825,77.48519,324.6,1.24,1.11,2022-01-22,533,Terra,MODIS,76,6.1NRT,306.21,16.79,D
11.64224,77.02454,312.84,1.25,1.11,2022-01-22,533,Terra,MODIS,58,6.1NRT,297.94,10.11,D
11.64396,77.01357,311.01,1.25,1.11,2022-01-22,533,Terra,MODIS,37,6.1NRT,299.26,7.44,D
13.03683,75.38427,308.76,1.03,1.01,2022-01-22,533,Terra,MODIS,37,6.1NRT,294.77,4.58,D
12.94958,76.79389,315.92,1.17,1.08,2022-01-22,533,Terra,MODIS,65,6.1NRT,301.78,8.01,D
13.5534,77.51687,319.41,1.26,1.11,2022-01-22,533,Terra,MODIS,69,6.1NRT,303.63,12.6,D
13.87,76.74604,319.36,1.14,1.06,2022-01-22,533,Terra,MODIS,69,6.1NRT,304.66,9.49,D
14.0252,76.93334,318.03,1.16,1.07,2022-01-22,533,Terra,MODIS,64,6.1NRT,304.2,8.15,D
14.07827,76.71807,315.28,1.13,1.06,2022-01-22,533,Terra,MODIS,44,6.1NRT,302.7,4.5,D
13.98018,77.47233,319.08,1.24,1.1,2022-01-22,533,Terra,MODIS,48,6.1NRT,306.04,8.61,D
14.12769,76.80648,333.13,1.14,1.06,2022-01-22,533,Terra,MODIS,84,6.1NRT,303.3,28.34,D
14.38326,76.59778,317.09,1.11,1.05,2022-01-22,533,Terra,MODIS,62,6.1NRT,303.04,6.33,D
18.22215,-71.46493,337.38,2.07,1.4,2022-01-22,607,Aqua,MODIS,100,6.1NRT,289.37,117.32,N
18.22411,-71.48253,300.18,2.07,1.4,2022-01-22,607,Aqua,MODIS,1,6.1NRT,285.87,14.22,N
18.21747,-71.45222,302.01,2.06,1.4,2022-01-22,609,Aqua,MODIS,21,6.1NRT,287.87,16.46,N
18.21954,-71.46979,309.82,2.07,1.4,2022-01-22,609,Aqua,MODIS,77,6.1NRT,287.63,31.36,N
18.23224,-71.46976,324.86,2.07,1.4,2022-01-22,609,Aqua,MODIS,100,6.1NRT,288.65,68.05,N
18.14858,-71.52412,301.84,2.08,1.4,2022-01-22,609,Aqua,MODIS,36,6.1NRT,286.62,17.22,N
18.14867,-71.51709,300.43,2.08,1.4,2022-01-22,609,Aqua,MODIS,27,6.1NRT,286.71,16.62,N
10.06081,-64.88441,332.42,1.12,1.06,2022-01-22,609,Aqua,MODIS,100,6.1NRT,294.82,36.59,N
10.06235,-64.89455,304.16,1.12,1.06,2022-01-22,609,Aqua,MODIS,59,6.1NRT,293.6,5.42,N
10.06137,-64.85689,314,1.12,1.06,2022-01-22,609,Aqua,MODIS,88,6.1NRT,294.7,12.12,N
10.06295,-64.86701,343.31,1.12,1.06,2022-01-22,609,Aqua,MODIS,100,6.1NRT,296.26,54.82,N
10.06452,-64.8771,316.38,1.12,1.06,2022-01-22,609,Aqua,MODIS,87,6.1NRT,294.2,13.4,N
10.0661,-64.88718,320.53,1.12,1.06,2022-01-22,609,Aqua,MODIS,100,6.1NRT,294.56,18.39,N
10.21706,-64.61062,304.44,1.15,1.07,2022-01-22,609,Aqua,MODIS,60,6.1NRT,290.88,7.03,N
7.49335,-69.14326,305.75,1.07,1.03,2022-01-22,609,Aqua,MODIS,66,6.1NRT,292.01,7,N
8.67238,-67.24389,305.54,1,1,2022-01-22,609,Aqua,MODIS,65,6.1NRT,292.82,5.57,N
8.6737,-67.25288,310.48,1,1,2022-01-22,609,Aqua,MODIS,80,6.1NRT,293.34,8.94,N
8.73533,-67.29892,316.42,1,1,2022-01-22,609,Aqua,MODIS,93,6.1NRT,292.98,14.38,N
8.96671,-68.64227,305.23,1.05,1.03,2022-01-22,609,Aqua,MODIS,63,6.1NRT,290.75,6.82,N
8.89238,-66.8062,306.11,1.01,1,2022-01-22,609,Aqua,MODIS,67,6.1NRT,293.54,5.58,N
8.89798,-66.16439,307.49,1.03,1.02,2022-01-22,609,Aqua,MODIS,72,6.1NRT,293.1,7.03,N
9.14288,-67.00545,306.18,1,1,2022-01-22,609,Aqua,MODIS,67,6.1NRT,293.01,6.33,N
9.89735,-71.09522,305.82,1.46,1.19,2022-01-22,609,Aqua,MODIS,66,6.1NRT,292.95,9.63,N
9.83618,-67.08102,303.82,1,1,2022-01-22,609,Aqua,MODIS,57,6.1NRT,292.03,4.6,N
9.56012,-63.6242,307.86,1.34,1.15,2022-01-22,609,Aqua,MODIS,52,6.1NRT,288.04,13.82,N
9.62585,-63.71823,343.24,1.31,1.14,2022-01-22,609,Aqua,MODIS,100,6.1NRT,293.61,71.86,N
9.62773,-63.73006,310.36,1.31,1.14,2022-01-22,609,Aqua,MODIS,80,6.1NRT,292.05,12.94,N
9.63974,-63.74033,306.65,1.31,1.14,2022-01-22,609,Aqua,MODIS,69,6.1NRT,291.84,10.04,N
9.65155,-63.61622,325.57,1.33,1.14,2022-01-22,609,Aqua,MODIS,100,6.1NRT,287.36,35.5,N
9.65341,-63.62819,339.79,1.33,1.14,2022-01-22,609,Aqua,MODIS,100,6.1NRT,290.21,64.81,N
10.05776,-64.86424,330.75,1.12,1.06,2022-01-22,609,Aqua,MODIS,100,6.1NRT,296.31,34.02,N
10.05929,-64.87434,324.06,1.12,1.06,2022-01-22,609,Aqua,MODIS,100,6.1NRT,294.39,23.69,N
5.10804,-68.75515,300.33,1.01,1.01,2022-01-22,612,Aqua,MODIS,25,6.1NRT,289.24,3.08,N
5.11694,-68.75638,311.78,1.01,1.01,2022-01-22,612,Aqua,MODIS,83,6.1NRT,290.03,10.2,N
5.27663,-68.77393,305.67,1.02,1.01,2022-01-22,612,Aqua,MODIS,65,6.1NRT,290.37,6.03,N
5.27796,-68.783,305.83,1.02,1.01,2022-01-22,612,Aqua,MODIS,66,6.1NRT,290.2,6.26,N
-21.97298,-63.50672,310.45,4.05,1.87,2022-01-22,618,Aqua,MODIS,80,6.1NRT,291.69,60.99,N
-21.98071,-63.47119,302.3,4.08,1.87,2022-01-22,618,Aqua,MODIS,48,6.1NRT,291.58,23.83,N
-21.97738,-63.51182,308.36,4.05,1.87,2022-01-22,618,Aqua,MODIS,74,6.1NRT,291.75,52.79,N
36.38564,-121.87778,323.92,2.09,1.41,2022-01-22,637,Terra,MODIS,100,6.1NRT,280.62,71.94,N
36.39829,-121.87907,322.13,2.09,1.41,2022-01-22,637,Terra,MODIS,100,6.1NRT,278.44,66.54,N
36.38144,-121.91473,323.35,2.07,1.4,2022-01-22,637,Terra,MODIS,100,6.1NRT,276.46,67.54,N
36.38499,-121.87231,313.05,2.09,1.41,2022-01-22,637,Terra,MODIS,86,6.1NRT,278.86,42.14,N
10.59327,98.52428,314.32,1.15,1.07,2022-01-22,705,Aqua,MODIS,61,6.1NRT,301.05,6.87,D
12.03115,106.56329,322.42,4.68,1.98,2022-01-22,705,Aqua,MODIS,70,6.1NRT,292.26,118.72,D
12.0318,106.55498,317.2,4.68,1.98,2022-01-22,705,Aqua,MODIS,68,6.1NRT,292.55,83.49,D
13.25875,106.07919,315.95,4.47,1.94,2022-01-22,705,Aqua,MODIS,64,6.1NRT,293.91,60.06,D
13.25858,106.07414,315.72,4.47,1.94,2022-01-22,705,Aqua,MODIS,33,6.1NRT,294.05,52.74,D
13.65163,106.22182,313.56,4.64,1.97,2022-01-22,705,Aqua,MODIS,53,6.1NRT,291.1,45.59,D
13.6957,105.48576,323.54,4.08,1.87,2022-01-22,705,Aqua,MODIS,76,6.1NRT,290.95,118.16,D
13.70518,105.51442,311.93,4.11,1.88,2022-01-22,705,Aqua,MODIS,38,6.1NRT,289.18,39.32,D
13.7013,105.47717,321.93,4.08,1.87,2022-01-22,705,Aqua,MODIS,74,6.1NRT,290.37,107.42,D
13.82693,104.23141,315.54,3.28,1.71,2022-01-22,705,Aqua,MODIS,0,6.1NRT,291.51,42.98,D
13.8225,104.22724,318.37,3.28,1.71,2022-01-22,705,Aqua,MODIS,0,6.1NRT,291.87,56.59,D
20.07159,93.41222,322.65,1.01,1.01,2022-01-22,707,Aqua,MODIS,78,6.1NRT,301.77,14.97,D
20.07018,93.40269,313.95,1.01,1.01,2022-01-22,707,Aqua,MODIS,26,6.1NRT,302.69,6.21,D
20.22809,93.03877,315.65,1.02,1.01,2022-01-22,707,Aqua,MODIS,69,6.1NRT,302.69,6.6,D
20.96837,97.01168,339.19,1.25,1.11,2022-01-22,707,Aqua,MODIS,84,6.1NRT,302.23,46.38,D
19.9151,95.96852,330.45,1.09,1.04,2022-01-22,707,Aqua,MODIS,83,6.1NRT,302.24,26.24,D
20.05533,96.88599,340.5,1.2,1.09,2022-01-22,707,Aqua,MODIS,90,6.1NRT,302.64,48.6,D
20.05382,96.87441,322.86,1.2,1.09,2022-01-22,707,Aqua,MODIS,65,6.1NRT,300,19.18,D
20.12008,97.07024,318.64,1.23,1.1,2022-01-22,707,Aqua,MODIS,73,6.1NRT,300.83,15.27,D
20.11778,96.8951,329.26,1.2,1.09,2022-01-22,707,Aqua,MODIS,83,6.1NRT,303.19,26.68,D
20.38151,96.80114,310.63,1.2,1.09,2022-01-22,707,Aqua,MODIS,34,6.1NRT,297.45,6.57,D
20.17366,94.77041,319.05,1.01,1.01,2022-01-22,707,Aqua,MODIS,59,6.1NRT,304.34,5.72,D
20.20649,94.67721,317.75,1.01,1,2022-01-22,707,Aqua,MODIS,66,6.1NRT,305.28,6.54,D
20.00498,93.08902,317.56,1.02,1.01,2022-01-22,707,Aqua,MODIS,49,6.1NRT,300.82,9.16,D
20.00353,93.07936,317.64,1.03,1.01,2022-01-22,707,Aqua,MODIS,37,6.1NRT,302.31,9.81,D
20.01399,93.08749,330.4,1.02,1.01,2022-01-22,707,Aqua,MODIS,85,6.1NRT,301.98,23.34,D
16.15997,95.47993,323.15,1.01,1,2022-01-22,707,Aqua,MODIS,73,6.1NRT,304.89,12.21,D
15.96898,95.62608,337.59,1.01,1,2022-01-22,707,Aqua,MODIS,87,6.1NRT,303.34,30.83,D
14.4648,105.90189,309.78,4.5,1.95,2022-01-22,707,Aqua,MODIS,24,6.1NRT,291.71,45.11,D
14.35081,105.67639,314.22,4.31,1.92,2022-01-22,707,Aqua,MODIS,49,6.1NRT,292.42,53.35,D
14.34957,105.68111,315.98,4.31,1.92,2022-01-22,707,Aqua,MODIS,58,6.1NRT,292.64,64.55,D
32.42549,51.32516,309.16,1.17,1.08,2022-01-22,707,Terra,MODIS,68,6.1NRT,284.12,12.38,D
32.23906,51.4309,309.75,1.15,1.07,2022-01-22,707,Terra,MODIS,69,6.1NRT,284.35,13.19,D
32.35552,47.71335,306.3,1.89,1.34,2022-01-22,707,Terra,MODIS,63,6.1NRT,286.74,18.93,D
32.3511,47.70586,308.44,1.89,1.34,2022-01-22,707,Terra,MODIS,67,6.1NRT,286.84,21.3,D
31.66059,47.51379,308.56,1.9,1.35,2022-01-22,707,Terra,MODIS,67,6.1NRT,285.29,25.43,D
31.76439,46.07218,302.85,2.39,1.49,2022-01-22,707,Terra,MODIS,54,6.1NRT,285.1,21.08,D
31.25348,49.17281,303.82,1.47,1.2,2022-01-22,707,Terra,MODIS,54,6.1NRT,286.33,10.93,D
31.27949,48.72539,309.42,1.57,1.23,2022-01-22,707,Terra,MODIS,69,6.1NRT,286.6,18.95,D
31.27777,48.74177,306.2,1.57,1.23,2022-01-22,707,Terra,MODIS,63,6.1NRT,286.91,14.79,D
31.21193,48.94515,300.88,1.52,1.22,2022-01-22,707,Terra,MODIS,39,6.1NRT,286.72,6.91,D
31.21029,48.96096,304.01,1.51,1.21,2022-01-22,707,Terra,MODIS,58,6.1NRT,287.12,10.39,D
31.20809,48.95473,304.04,1.51,1.21,2022-01-22,707,Terra,MODIS,58,6.1NRT,287.53,10.63,D
31.13501,49.31956,306.27,1.44,1.19,2022-01-22,707,Terra,MODIS,63,6.1NRT,285.21,13.78,D
30.99856,48.14489,320.85,1.69,1.28,2022-01-22,707,Terra,MODIS,80,6.1NRT,284.53,43.21,D
31.02394,47.26858,300.56,1.94,1.36,2022-01-22,707,Terra,MODIS,38,6.1NRT,285.36,12.56,D
31.03032,47.28391,326.15,1.93,1.36,2022-01-22,707,Terra,MODIS,84,6.1NRT,287.05,65.3,D
31.01812,47.28245,300.07,1.93,1.36,2022-01-22,707,Terra,MODIS,24,6.1NRT,285.36,11.51,D
30.93171,48.0221,300.91,1.72,1.29,2022-01-22,707,Terra,MODIS,43,6.1NRT,285.9,11.29,D
30.72189,49.83246,301.12,1.33,1.14,2022-01-22,707,Terra,MODIS,45,6.1NRT,287.74,6.8,D
30.39643,50.60704,300.5,1.2,1.09,2022-01-22,707,Terra,MODIS,38,6.1NRT,285.7,6.07,D
30.37251,50.80393,306.06,1.17,1.08,2022-01-22,707,Terra,MODIS,63,6.1NRT,283.51,9.36,D
30.24695,50.73461,316.56,1.18,1.08,2022-01-22,707,Terra,MODIS,77,6.1NRT,286.6,19.65,D
30.61372,47.32839,304.52,1.9,1.35,2022-01-22,707,Terra,MODIS,59,6.1NRT,285.45,17.09,D
30.52616,47.60984,319.98,1.81,1.32,2022-01-22,707,Terra,MODIS,80,6.1NRT,285.65,41.59,D
30.53197,47.60358,312.45,1.81,1.32,2022-01-22,707,Terra,MODIS,73,6.1NRT,285.95,27.79,D
30.52013,47.60211,302.39,1.81,1.32,2022-01-22,707,Terra,MODIS,39,6.1NRT,284.71,11.7,D
30.51823,47.62089,305.8,1.81,1.32,2022-01-22,707,Terra,MODIS,61,6.1NRT,283.87,16.64,D
30.47274,47.59623,310.54,1.81,1.32,2022-01-22,707,Terra,MODIS,53,6.1NRT,284.63,25.13,D
20.00825,96.9049,335.03,1.2,1.09,2022-01-22,707,Aqua,MODIS,87,6.1NRT,304.69,35.11,D
19.91372,95.95821,321.87,1.09,1.04,2022-01-22,707,Aqua,MODIS,74,6.1NRT,302.85,15.47,D
20.00974,96.91662,319.46,1.2,1.09,2022-01-22,707,Aqua,MODIS,54,6.1NRT,305.66,10.33,D
20.02795,97.22116,315.76,1.25,1.11,2022-01-22,707,Aqua,MODIS,70,6.1NRT,302.55,8.23,D
19.67056,96.75023,310.84,1.17,1.08,2022-01-22,707,Aqua,MODIS,52,6.1NRT,292.55,10.55,D
19.70827,97.59963,316.18,1.3,1.13,2022-01-22,707,Aqua,MODIS,61,6.1NRT,300.96,12.01,D
19.2731,95.30303,321.73,1.03,1.01,2022-01-22,707,Aqua,MODIS,66,6.1NRT,308.92,6.63,D
19.15026,94.88916,315.77,1.01,1,2022-01-22,707,Aqua,MODIS,66,6.1NRT,301.25,8.21,D
19.46528,97.37099,323.57,1.25,1.11,2022-01-22,707,Aqua,MODIS,80,6.1NRT,303.5,19.97,D
19.37131,97.42654,321.49,1.26,1.11,2022-01-22,707,Aqua,MODIS,49,6.1NRT,305.12,15.9,D
19.36133,97.42783,320.85,1.26,1.11,2022-01-22,707,Aqua,MODIS,20,6.1NRT,304.35,15.2,D
19.01324,95.22476,323.66,1.02,1.01,2022-01-22,707,Aqua,MODIS,78,6.1NRT,307.86,9.75,D
19.2302,96.82257,309.33,1.17,1.07,2022-01-22,707,Aqua,MODIS,51,6.1NRT,291.63,8.81,D
18.97719,95.23035,320.07,1.02,1.01,2022-01-22,707,Aqua,MODIS,71,6.1NRT,307.41,6.74,D
18.87553,95.22254,320.34,1.02,1.01,2022-01-22,707,Aqua,MODIS,65,6.1NRT,308.24,7.54,D
19.07302,97.25095,315.37,1.22,1.1,2022-01-22,707,Aqua,MODIS,64,6.1NRT,303.87,7.52,D
18.74214,95.25558,328.81,1.02,1.01,2022-01-22,707,Aqua,MODIS,82,6.1NRT,305.8,19.03,D
18.74348,95.26514,343.06,1.02,1.01,2022-01-22,707,Aqua,MODIS,92,6.1NRT,306.1,41.7,D
18.65426,95.15252,323.51,1.01,1.01,2022-01-22,707,Aqua,MODIS,77,6.1NRT,308.21,8.66,D
18.64528,95.15392,340.34,1.01,1.01,2022-01-22,707,Aqua,MODIS,90,6.1NRT,308.12,31.88,D
18.6466,95.16343,319.72,1.01,1.01,2022-01-22,707,Aqua,MODIS,31,6.1NRT,306.31,4.89,D
18.53707,95.04183,316.84,1.01,1,2022-01-22,707,Aqua,MODIS,63,6.1NRT,304.74,6.1,D
18.51479,95.01239,316.57,1.01,1,2022-01-22,707,Aqua,MODIS,26,6.1NRT,302.44,6.1,D
18.47896,95.01802,320,1.01,1,2022-01-22,707,Aqua,MODIS,73,6.1NRT,304.51,9.52,D
18.48028,95.02747,316.51,1.01,1,2022-01-22,707,Aqua,MODIS,68,6.1NRT,304.7,6.08,D
19.01719,99.59477,312.74,1.73,1.29,2022-01-22,707,Aqua,MODIS,25,6.1NRT,296.99,11.98,D
19.01965,99.60155,312.44,1.73,1.29,2022-01-22,707,Aqua,MODIS,40,6.1NRT,296.94,11.12,D
18.37156,95.10894,311.38,1.01,1,2022-01-22,707,Aqua,MODIS,50,6.1NRT,300.92,3.51,D
18.4579,96.68345,316.81,1.13,1.06,2022-01-22,707,Aqua,MODIS,41,6.1NRT,305.32,6.24,D
18.4593,96.69402,334.48,1.13,1.06,2022-01-22,707,Aqua,MODIS,87,6.1NRT,302.54,30.56,D
18.13336,95.04849,312.21,1.01,1,2022-01-22,707,Aqua,MODIS,46,6.1NRT,302.09,5.27,D
18.05823,95.17285,316.9,1.01,1,2022-01-22,707,Aqua,MODIS,63,6.1NRT,306.48,6.74,D
17.51215,94.62942,310.33,1,1,2022-01-22,707,Aqua,MODIS,37,6.1NRT,299.69,5.76,D
17.50812,95.77587,327.04,1.03,1.01,2022-01-22,707,Aqua,MODIS,61,6.1NRT,308,17.92,D
17.32701,94.81361,316.87,1,1,2022-01-22,707,Aqua,MODIS,66,6.1NRT,303.05,9.94,D
17.51198,96.69252,325.88,1.11,1.05,2022-01-22,707,Aqua,MODIS,79,6.1NRT,307.48,16.15,D
17.09248,96.30647,331.2,1.06,1.03,2022-01-22,707,Aqua,MODIS,83,6.1NRT,308.16,22.24,D
17.09382,96.31635,321.82,1.06,1.03,2022-01-22,707,Aqua,MODIS,73,6.1NRT,306.79,10.1,D
16.83765,94.93688,314.35,1,1,2022-01-22,707,Aqua,MODIS,57,6.1NRT,302.17,5.77,D
16.83897,94.94615,313.34,1,1,2022-01-22,707,Aqua,MODIS,54,6.1NRT,301.24,5.33,D
16.98645,96.19801,332.57,1.05,1.02,2022-01-22,707,Aqua,MODIS,84,6.1NRT,310.8,22.62,D
16.98778,96.20778,324.05,1.05,1.02,2022-01-22,707,Aqua,MODIS,76,6.1NRT,308.19,11.26,D
16.97612,96.25948,316.54,1.06,1.03,2022-01-22,707,Aqua,MODIS,46,6.1NRT,304.51,5.59,D
16.97745,96.26929,318.81,1.06,1.03,2022-01-22,707,Aqua,MODIS,59,6.1NRT,305.56,7.5,D
16.5223,96.23897,324.63,1.05,1.02,2022-01-22,707,Aqua,MODIS,75,6.1NRT,302.6,13.91,D
16.50995,96.40581,321.94,1.06,1.03,2022-01-22,707,Aqua,MODIS,73,6.1NRT,304.77,9.2,D
16.17115,95.23557,318.69,1,1,2022-01-22,707,Aqua,MODIS,67,6.1NRT,302.44,9.22,D
16.17247,95.24482,314.49,1,1,2022-01-22,707,Aqua,MODIS,55,6.1NRT,301.68,5.47,D
22.59505,95.54628,318.26,1.1,1.05,2022-01-22,709,Aqua,MODIS,68,6.1NRT,302.22,7.89,D
22.56471,95.31529,320.31,1.08,1.04,2022-01-22,709,Aqua,MODIS,36,6.1NRT,302.25,9.58,D
22.70797,95.35114,315.09,1.09,1.04,2022-01-22,709,Aqua,MODIS,53,6.1NRT,298.49,5.6,D
22.58349,93.51856,311.55,1,1,2022-01-22,709,Aqua,MODIS,52,6.1NRT,297.32,8.65,D
22.79795,92.0407,318.65,1.05,1.02,2022-01-22,709,Aqua,MODIS,59,6.1NRT,279.81,12.6,D
23.53936,95.60342,309.26,1.13,1.06,2022-01-22,709,Aqua,MODIS,61,6.1NRT,295.98,6.63,D
24.39691,95.78342,304.15,1.18,1.08,2022-01-22,709,Aqua,MODIS,47,6.1NRT,294.15,4.14,D
24.15798,93.85035,309.75,1.01,1.01,2022-01-22,709,Aqua,MODIS,69,6.1NRT,293.56,8.11,D
24.15659,93.84044,308.95,1.01,1.01,2022-01-22,709,Aqua,MODIS,68,6.1NRT,293.59,7.81,D
24.00158,92.37292,303.35,1.01,1.01,2022-01-22,709,Aqua,MODIS,55,6.1NRT,291.88,3.9,D
24.00007,92.36278,321.1,1.01,1.01,2022-01-22,709,Aqua,MODIS,81,6.1NRT,293.56,17.84,D
24.5581,93.94465,307.17,1.02,1.01,2022-01-22,709,Aqua,MODIS,63,6.1NRT,293.89,5.36,D
24.99806,97.31282,320.29,1.46,1.19,2022-01-22,709,Aqua,MODIS,80,6.1NRT,295.25,23.13,D
24.99643,97.29846,312.87,1.46,1.19,2022-01-22,709,Aqua,MODIS,73,6.1NRT,296.07,12.74,D
24.58509,93.94016,311.01,1.02,1.01,2022-01-22,709,Aqua,MODIS,59,6.1NRT,294.42,7.67,D
24.59409,93.93865,317.22,1.02,1.01,2022-01-22,709,Aqua,MODIS,77,6.1NRT,294.91,13.31,D
25.63282,96.72749,315.22,1.37,1.16,2022-01-22,709,Aqua,MODIS,66,6.1NRT,293.2,14.3,D
25.62935,96.72129,316.01,1.37,1.16,2022-01-22,709,Aqua,MODIS,59,6.1NRT,295.01,15.25,D
25.21472,92.7906,326.81,1,1,2022-01-22,709,Aqua,MODIS,80,6.1NRT,290.99,24,D
24.50384,56.60894,314.55,1.46,1.19,2022-01-22,709,Terra,MODIS,0,6.1NRT,299.96,10.81,D
20.54602,92.6995,314.11,1.04,1.02,2022-01-22,709,Aqua,MODIS,48,6.1NRT,300.61,4.57,D
20.56005,92.97736,329.32,1.02,1.01,2022-01-22,709,Aqua,MODIS,84,6.1NRT,303.83,21.88,D
28.49012,49.71083,320.21,1.27,1.12,2022-01-22,709,Terra,MODIS,72,6.1NRT,290.66,25.37,D
27.16099,56.10538,305.64,1.24,1.1,2022-01-22,709,Terra,MODIS,58,6.1NRT,290.88,6.43,D
27.02113,49.57672,314.91,1.24,1.11,2022-01-22,709,Terra,MODIS,74,6.1NRT,291.52,16.05,D
25.53417,53.14789,327.57,1.01,1.01,2022-01-22,709,Terra,MODIS,81,6.1NRT,292.03,24.58,D
22.54534,95.45696,319.49,1.09,1.04,2022-01-22,709,Aqua,MODIS,63,6.1NRT,302.13,10.79,D
22.48214,95.46262,316.89,1.09,1.04,2022-01-22,709,Aqua,MODIS,63,6.1NRT,301.93,7.85,D
22.44756,95.60294,322.11,1.1,1.05,2022-01-22,709,Aqua,MODIS,68,6.1NRT,303.06,13,D
21.95633,93.13208,307.66,1.01,1,2022-01-22,709,Aqua,MODIS,61,6.1NRT,289.81,7.09,D
21.87903,96.96709,312.18,1.27,1.12,2022-01-22,709,Aqua,MODIS,43,6.1NRT,298.14,7.02,D
21.07866,92.31494,309.63,1.06,1.03,2022-01-22,709,Aqua,MODIS,15,6.1NRT,299.3,4.71,D
20.68785,92.91003,320.13,1.03,1.01,2022-01-22,709,Aqua,MODIS,77,6.1NRT,304.4,11.81,D
20.64127,93.15147,314.91,1.02,1.01,2022-01-22,709,Aqua,MODIS,64,6.1NRT,304.05,6.43,D
20.54453,92.68967,335.74,1.04,1.02,2022-01-22,709,Aqua,MODIS,88,6.1NRT,303.63,30.08,D
